record_id,资源ID,模型ID,鱼种,标准学名,英文名,最喜欢的温度(°C),候选水温带,资料水温下限(°C),资料水温上限(°C),对温度变化的容忍系数,水温接受阈值,FG推荐结构体,环境类型,栖息带类型,时段偏好,period0_3,period3_6,period6_9,period9_12,period12_15,period15_18,period18_21,period21_24,候选水层,表层亲和系数,中层亲和系数,底层亲和系数,深度上限(m),深度下限(m),真饵类型,拟饵类型,候选饵食性,摄食类型
recvppgBfW4irh,icon_fish_0026_2D,fish_flathead_catfish,铲鮰,Pylodictis Olivaris,Flathead Catfish,27.5,温水,21.5,33.5,4.06,0.1,沉木|深坑|断层|泥底|入水口,淡水,demersal,夜间活跃,1,0.88,0.42,0.3,0.24,0.38,0.72,0.96,底层,1,4,10,,,种子|昆虫|甲壳|鱼饵|谷物|饵鱼,T尾|卷尾|软虫|VIB|嘈杂饵,凶猛肉食性,hunting macrofauna (predator)
recvppgBfWQhq4,icon_placeholder_0001_2D,#N/A,鲻鱼,Mugil Cephalus,Flathead Grey Mullet,16,温水,8,24,4,0.1,开放水域|深坑|断层|湾子|泥底|沙洲|浅滩|码头|入水口|出水口|沙底,淡水|半咸水|海水,benthopelagic,早晨活跃,0.3,0.72,1,0.78,0.5,0.55,0.48,0.35,中下层|底层,1,7,10,120,0,种子|昆虫|甲壳|鱼饵|面团|谷物,,腐食性,variable
recvppgBfWOPsA,icon_placeholder_0001_2D,#N/A,大西洋鲭,Scomber Scombrus,Atlantic Mackerel,10.2,,7.2,13.2,8,0.1,开放水域|深坑|断层|入水口|出水口,半咸水|海水,pelagic-neritic,全天活跃,0.72,0.72,0.82,0.82,0.78,0.82,0.84,0.78,中上层|中层,7,10,4,1000,0,种子|甲壳|鱼饵|鱼卵|谷物|肉饵|饵鱼|内脏,T尾|米诺|波爬|VIB|水面拖拉机|铅笔|多节鱼,温和肉食性,variable
recvppgBfW3JSO,icon_fish_0036_2D,fish_northern_pike,白斑狗鱼,Esox Lucius,Northern Pike,19,广温,10,28,4.5,0.1,开放水域|水草|沉木|深坑|断层|湾子|浅滩|芦苇,淡水|半咸水,pelagic,晨昏活跃,0.42,0.72,0.95,0.68,0.46,0.72,0.96,0.62,中上层|中层,7,10,4,30,0,昆虫|甲壳|鱼饵|鱼卵|肉饵|饵鱼|内脏,T尾|仿真蛙|米诺|勺子亮片|旋转亮片|雷蛙|复合亮片,凶猛肉食性,hunting macrofauna (predator)
recvppgBfWmYyM,icon_fish_0042_2D,fish_redfin_pickerel,红鳍狗鱼,Esox Americanus,Redfin Pickerel,21,温水,16,26,3.25,0.1,水草|沉木|湾子|浅滩|芦苇,淡水|半咸水,demersal,晨昏活跃,0.42,0.72,0.95,0.68,0.46,0.72,0.96,0.62,底层,1,4,10,,,昆虫|甲壳|饵鱼,T尾|软虫|仿真蛙|米诺|勺子亮片|旋转亮片|VIB|雷蛙|复合亮片,凶猛肉食性,hunting macrofauna (predator)
recvppgBfWuSdg,icon_fish_0012_2D,fish_blue_catfish,蓝鲶鱼,Ictalurus Furcatus,Blue Catfish,22,温水,17,27,6,0.1,沉木|深坑|断层|湾子|泥底|入水口,淡水|半咸水,demersal,夜间活跃,1,0.88,0.42,0.3,0.24,0.38,0.72,0.96,底层,1,4,10,50,,昆虫|鱼饵|肉饵|饵鱼|内脏,T尾|卷尾|软虫|VIB|嘈杂饵,凶猛肉食性,
recvppgBfWh7Ja,icon_fish_0009_2D,fish_black_bullhead_catfish,黑鮰,Ameiurus Melas,Black Bullhead Catfish,19,广温,8,30,5.5,0.1,水草|沉木|湾子|泥底|浅滩|芦苇,淡水,demersal,夜间活跃,1,0.88,0.42,0.3,0.24,0.38,0.72,0.96,底层,1,4,10,,10,种子|昆虫|甲壳|鱼饵|谷物|饵鱼,T尾|卷尾|软虫|VIB|嘈杂饵,杂食性,hunting macrofauna (predator)
recvppgBfWCJhn,icon_fish_0057_2D,fish_white_channel_catfish,白化叉尾鮰,Ictalurus Punctatus,White Channel Catfish,20.8,广温,10,31.6,5.4,0.1,沉木|深坑|断层|湾子|泥底|入水口,淡水,demersal,夜间活跃,1,0.88,0.42,0.3,0.24,0.38,0.72,0.96,底层,1,4,10,15,,种子|昆虫|甲壳|鱼饵|谷物|饵鱼,T尾|卷尾|软虫|VIB|嘈杂饵,杂食性,variable
recvppgBfWSpJ8,icon_fish_0007_2D,fish_bigmouth_buffalo,大口牛胭脂鱼,Ictiobus Cyprinellus,Bigmouth Buffalo,22.75,温水,15.5,30,3.62,0.1,深坑|断层|泥底|碎石底|入水口|沙底,淡水,benthopelagic,早晨活跃,0.3,0.72,1,0.78,0.5,0.55,0.48,0.35,表层|中下层|底层,10,7,10,,4,种子|昆虫|甲壳|鱼饵|面团|谷物,,滤食性,
recvppgBfWp1dp,icon_fish_0047_2D,fish_shortnose_sturgeon,短吻鲟,Acipenser Brevirostrum,Shortnose Sturgeon,15.6,温水,11.6,19.6,6,0.1,开放水域|深坑|断层|泥底|碎石底|入水口|出水口|沙底,淡水|半咸水|海水,demersal,晨昏活跃,0.42,0.72,0.95,0.68,0.46,0.72,0.96,0.62,底层,1,4,10,53,6,昆虫|甲壳|鱼饵,,温和肉食性,
recvppgBfWFxyU,icon_fish_0006_2D,fish_atlantic_sturgeon,尖吻鲟,Acipenser Oxyrinchus,Atlantic Sturgeon,14.35,温水,4.3,24.4,5.02,0.1,开放水域|深坑|断层|泥底|碎石底|入水口|出水口|沙底,淡水|半咸水|海水,demersal,晨昏活跃,0.42,0.72,0.95,0.68,0.46,0.72,0.96,0.62,表层|底层,10,4,10,46,1,种子|昆虫|甲壳|鱼饵|谷物|饵鱼,,温和肉食性,hunting macrofauna (predator)
recvppgBfWi1DY,icon_fish_0018_2D,fish_brown_trout,褐鳟,Salmo Trutta,Brown Trout,21,温水,18,24,1.5,0.1,开放水域|石头|深坑|断层|碎石底|旋涡|入水口|出水口,淡水|半咸水|海水,pelagic-neritic,晨昏活跃,0.42,0.72,0.95,0.68,0.46,0.72,0.96,0.62,中上层|中层,7,10,4,28,0,昆虫|甲壳|鱼饵|鱼卵|饵鱼,米诺|勺子亮片|旋转亮片,凶猛肉食性,hunting macrofauna (predator)
recvppgBfWqD6E,icon_fish_0029_2D,fish_golden_shiner,金体美鱥,Notemigonus Crysoleucas,Golden Shiner,17.35,温水,0,34.7,8.68,0.1,开放水域|水草|湾子|泥底|浅滩|芦苇,淡水|半咸水,demersal,早晨活跃,0.3,0.72,1,0.78,0.5,0.55,0.48,0.35,底层,1,4,10,,10,种子|昆虫|甲壳|面团|谷物,,杂食性,variable
recvppgBfWqQzs,icon_fish_0040_2D,fish_red_drum,美国红鱼,Sciaenops Ocellatus,Red Drum,20.5,温水,15,26,2.75,0.1,深坑|断层|湾子|泥底|码头|入水口|沙底,半咸水|海水,demersal,晨昏活跃,0.42,0.72,0.95,0.68,0.46,0.72,0.96,0.62,底层,1,4,10,,10,甲壳|鱼饵|饵鱼,T尾|卷尾|软虫|虾管|米诺|勺子亮片|VIB,凶猛肉食性,hunting macrofauna (predator)
recvppgBfWq7m4,icon_fish_0017_2D,fish_brown_bullhead,云斑鮰,Ameiurus Nebulosus,Brown Bullhead,18.7,温水,0,37.4,9.35,0.1,水草|沉木|湾子|泥底|浅滩|芦苇,淡水,demersal,夜间活跃,1,0.88,0.42,0.3,0.24,0.38,0.72,0.96,底层,1,4,10,12,10,种子|昆虫|甲壳|鱼饵|谷物|饵鱼,T尾|卷尾|软虫|VIB|嘈杂饵,杂食性,hunting macrofauna (predator)
recvppgBfWmvOm,icon_fish_0023_2D,fish_cichla_ocellaris,眼点丽鱼,Cichla Ocellaris,Cichla Ocellaris,25.5,暖水,24,27,0.75,0.1,水草|石头|沉木|断层|湾子|浅滩,淡水|半咸水,benthopelagic,全天活跃,0.72,0.72,0.82,0.82,0.78,0.82,0.84,0.78,表层|中下层|底层,10,7,10,,5,饵鱼,T尾|卷尾|软虫|米诺|VIB,凶猛肉食性,hunting macrofauna (predator)
recvppgBfW7BfW,icon_fish_0059_2D,fish_white_sturgeon01,高首鲟,Acipenser Transmontanus,White Sturgeon 01,11.65,,0,23.3,5.82,0.1,开放水域|深坑|断层|泥底|碎石底|入水口|出水口|沙底,淡水|半咸水|海水,demersal,晨昏活跃,0.42,0.72,0.95,0.68,0.46,0.72,0.96,0.62,底层,1,4,10,122,1,昆虫|甲壳|鱼饵|饵鱼,,温和肉食性,hunting macrofauna (predator)
recvppgBfWvsQS,icon_fish_0060_2D,fish_white_sturgeon02,白化高首鲟,Acipenser Transmontanus,White Sturgeon 02,11.65,,0,23.3,5.82,0.1,开放水域|深坑|断层|泥底|碎石底|入水口|出水口|沙底,淡水|半咸水|海水,demersal,晨昏活跃,0.42,0.72,0.95,0.68,0.46,0.72,0.96,0.62,底层,1,4,10,122,1,昆虫|甲壳|鱼饵|饵鱼,,温和肉食性,hunting macrofauna (predator)
recvppgBfWaSu9,icon_fish_0051_2D,fish_steelhead_trout,硬头鳟,Oncorhynchus Mykiss,Steelhead Trout,17,温水,10,24,3.5,0.1,开放水域|石头|深坑|断层|碎石底|旋涡|入水口|出水口,淡水|半咸水|海水,benthopelagic,晨昏活跃,0.42,0.72,0.95,0.68,0.46,0.72,0.96,0.62,中下层|底层,1,7,10,200,0,种子|昆虫|甲壳|鱼饵|鱼卵|谷物|饵鱼,软虫|米诺|勺子亮片|旋转亮片|VIB,凶猛肉食性,hunting macrofauna (predator)
recvppgBfW0Zk4,icon_fish_0002_2D,fish_alligator_gar,鳄雀鳝,Atractosteus Spatula,Alligator Gar,22,温水,17,27,6,0.1,开放水域|水草|沉木|湾子|浅滩|芦苇,淡水|半咸水,demersal,晨昏活跃,0.42,0.72,0.95,0.68,0.46,0.72,0.96,0.62,底层,1,4,10,,0,甲壳|饵鱼,T尾|软虫|米诺|波爬|VIB|铅笔|多节鱼,凶猛肉食性,hunting macrofauna (predator)
recvppgBfWrOAr,icon_fish_0032_2D,fish_hardhead,臼齿鱼,Mylopharodon Conocephalus,Hardhead,22,温水,17,27,6,0.1,深坑|湾子|泥底,淡水,demersal,早晨活跃,0.3,0.72,1,0.78,0.5,0.55,0.48,0.35,底层,1,4,10,,,昆虫|鱼饵,,杂食性,
recvppgBfW1di5,icon_fish_0022_2D,fish_chiselmouth,美洲锐唇鲷,Gila Alutacea,Chiselmouth,15,温水,11,19,8,0.1,石头|深坑|断层|岩架|崖壁|暗岛,淡水,demersal,早晨活跃,0.3,0.72,1,0.78,0.5,0.55,0.48,0.35,底层,1,4,10,,,种子|昆虫|面团|谷物,,植食性,grazing on aquatic plants
recvppgBfWEP7C,icon_fish_0013_2D,fish_blue_sucker,长背亚口鱼,Cycleptus Elongatus,Blue Sucker,22,温水,17,27,6,0.1,深坑|断层|泥底|碎石底|入水口|沙底,淡水,benthopelagic,早晨活跃,0.3,0.72,1,0.78,0.5,0.55,0.48,0.35,中下层|底层,1,7,10,,,昆虫|鱼饵,,温和肉食性,
recvppgBfWV4up,icon_fish_0004_2D,fish_american_paddlefish,鸭嘴鲟,Polyodon Spathula,American Paddlefish,14,冷水,10,18,2,0.1,深坑|断层|泥底|碎石底|入水口|出水口|沙底,淡水,demersal,全天活跃,0.72,0.72,0.82,0.82,0.78,0.82,0.84,0.78,表层|底层,10,4,10,,2,昆虫|鱼饵,,滤食性,filtering plankton
recvppgBfWM50F,icon_fish_0050_2D,fish_spotted_gar,斑点雀鳝,Lepisosteus Oculatus,Spotted Gar,16,温水,12,20,2,0.1,开放水域|水草|沉木|湾子|浅滩|芦苇,淡水|半咸水,demersal,晨昏活跃,0.42,0.72,0.95,0.68,0.46,0.72,0.96,0.62,底层,1,4,10,,0,甲壳|饵鱼,T尾|软虫|米诺|波爬|VIB|铅笔|多节鱼,凶猛肉食性,hunting macrofauna (predator)
recvppgBfWN4vR,icon_fish_0056_2D,fish_white_alligator_gar,白金火箭,Atractosteus Spatula,White Alligator Gar,22,温水,17,27,6,0.1,开放水域|水草|沉木|湾子|浅滩|芦苇,淡水|半咸水,demersal,晨昏活跃,0.42,0.72,0.95,0.68,0.46,0.72,0.96,0.62,底层,1,4,10,,0,甲壳|饵鱼,T尾|软虫|米诺|波爬|VIB|铅笔|多节鱼,凶猛肉食性,hunting macrofauna (predator)
recvppgBfWzbGS,icon_fish_0027_2D,fish_florida_gar,佛罗里达雀鳝,Lepisosteus Platyrhincus,Florida Gar,22,温水,17,27,6,0.1,开放水域|水草|沉木|湾子|浅滩|芦苇,淡水,demersal,晨昏活跃,0.42,0.72,0.95,0.68,0.46,0.72,0.96,0.62,底层,1,4,10,,,昆虫|甲壳|饵鱼,T尾|软虫|米诺|波爬|VIB|铅笔|多节鱼,凶猛肉食性,hunting macrofauna (predator)
recvppgBfWDMIV,icon_fish_0025_2D,fish_cutthroat_trout,白马切喉鳟,Oncorhynchus Clarkii,Cutthroat Trout,8.1,,6.1,10.1,2.9,0.1,开放水域|石头|深坑|断层|碎石底|旋涡|入水口|出水口,淡水|半咸水|海水,demersal,晨昏活跃,0.42,0.72,0.95,0.68,0.46,0.72,0.96,0.62,底层,1,4,10,200,0,昆虫|甲壳|鱼饵|鱼卵|饵鱼,软虫|米诺|勺子亮片|旋转亮片|VIB,凶猛肉食性,hunting macrofauna (predator)
recvppgBfWSeoR,icon_fish_0054_2D,fish_tennessee_shiner,露仙美鱥,Paranotropis Leuciodus,Tennessee Shiner,15,,11,19,8,0.1,深坑|湾子|泥底,,demersal,早晨活跃,0.3,0.72,1,0.78,0.5,0.55,0.48,0.35,底层,1,4,10,,,,,杂食性,
recvppgBfWLacW,icon_fish_0044_2D,fish_river_chub,小须美鱥,Nocomis Micropogon,River Chub,15,温水,11,19,8,0.1,石头|深坑|碎石底|浅滩|入水口|沙底,淡水,demersal,早晨活跃,0.3,0.72,1,0.78,0.5,0.55,0.48,0.35,底层,1,4,10,,,种子|昆虫|甲壳|鱼饵|面团|谷物|饵鱼,T尾|卷尾|软虫|米诺|VIB,杂食性,
recvppgBfW5dNA,icon_fish_0033_2D,fish_hornyhead_chub,双点美鱥,Nocomis Biguttatus,Hornyhead Chub,15,温水,11,19,8,0.1,石头|深坑|碎石底|浅滩|入水口|沙底,淡水,demersal,早晨活跃,0.3,0.72,1,0.78,0.5,0.55,0.48,0.35,底层,1,4,10,,,种子|昆虫|甲壳|鱼饵|面团|谷物|饵鱼,T尾|卷尾|软虫|米诺|VIB,杂食性,hunting macrofauna (predator)
recvppgBfWcwV0,icon_fish_0024_2D,fish_common_shiner,美鱥,Notemigonus Crysoleucas,Common Shiner,17.35,温水,0,34.7,8.68,0.1,开放水域|水草|湾子|泥底|浅滩|芦苇,淡水|半咸水,demersal,早晨活跃,0.3,0.72,1,0.78,0.5,0.55,0.48,0.35,底层,1,4,10,,10,种子|昆虫|甲壳|面团|谷物,,杂食性,variable
recvppgBfWCS5y,icon_fish_0019_2D,fish_buffalo,水牛鱼,Ictiobus Bubalus,Buffalo,27.1,温水,21.1,33.1,4.01,0.1,深坑|断层|泥底|碎石底|入水口|沙底,淡水,demersal,早晨活跃,0.3,0.72,1,0.78,0.5,0.55,0.48,0.35,底层,1,4,10,,4,种子|甲壳|鱼饵|面团|谷物,T尾|卷尾|软虫|米诺|VIB,杂食性,hunting macrofauna (predator)
recvppgBfWjob4,icon_fish_0015_2D,fish_bowfin,弓鳍鱼,Amia Calva,Bowfin,17.5,温水,15,20,1.25,0.1,水草|沉木|湾子|泥底|浅滩|浮萍|芦苇,淡水,demersal,晨昏活跃,0.42,0.72,0.95,0.68,0.46,0.72,0.96,0.62,底层,1,4,10,,0,种子|昆虫|甲壳|谷物|肉饵|饵鱼|内脏,T尾|软虫|米诺|波爬|VIB|铅笔|多节鱼,凶猛肉食性,hunting macrofauna (predator)
recvppgBfW8ABR,icon_fish_0034_2D,fish_largemouth_bass,大口黑鲈,Micropterus Salmoides,Largemouth Bass,20.85,广温,10,31.7,5.43,0.1,水草|石头|沉木|断层|湾子|浅滩,淡水,benthopelagic,晨昏活跃,0.42,0.72,0.95,0.68,0.46,0.72,0.96,0.62,中下层|底层,1,7,10,6,0,种子|昆虫|甲壳|鱼饵|鱼卵|谷物|肉饵|饵鱼|内脏,T尾|卷尾|软虫|米诺|波爬|VIB|铅笔|雷蛙|复合亮片|摇滚饵,凶猛肉食性,hunting macrofauna (predator)
recvppgBfWgbC9,icon_fish_0049_2D,fish_spotted_bass,斑点黑鲈,Micropterus Punctulatus,Spotted Bass,22,温水,17,27,6,0.1,水草|石头|沉木|断层|湾子|碎石底|浅滩|入水口,淡水,demersal,晨昏活跃,0.42,0.72,0.95,0.68,0.46,0.72,0.96,0.62,底层,1,4,10,,,昆虫|饵鱼,T尾|卷尾|软虫|米诺|波爬|VIB|铅笔|雷蛙|复合亮片|摇滚饵,凶猛肉食性,hunting macrofauna (predator)
recvppgBfWM3bv,icon_fish_0058_2D,fish_white_crappie,白斑刺盖太阳鱼,Pomoxis Annularis,White Crappie,26.3,温水,20.3,32.3,3.91,0.1,水草|石头|沉木|湾子|浅滩|芦苇|码头,淡水,demersal,晨昏活跃,0.42,0.72,0.95,0.68,0.46,0.72,0.96,0.62,底层,1,4,10,,,昆虫|甲壳|饵鱼,T尾|卷尾|软虫|米诺|波爬|VIB|铅笔|雷蛙|复合亮片|摇滚饵,凶猛肉食性,hunting macrofauna (predator)
recvppgBfWdXkn,icon_fish_0014_2D,fish_bluegill,蓝鳃太阳鱼,Lepomis Macrochirus,Bluegill Sunfish,18.5,广温,1,36,8.75,0.1,水草|石头|沉木|湾子|浅滩|芦苇|码头,淡水,benthopelagic,晨昏活跃,0.42,0.72,0.95,0.68,0.46,0.72,0.96,0.62,中下层|底层,1,7,10,,,昆虫|甲壳|鱼饵|饵鱼,T尾|卷尾|软虫|米诺|波爬|VIB|铅笔|雷蛙|复合亮片|摇滚饵,温和肉食性,hunting macrofauna (predator)
recvppgBfW5pTn,icon_fish_0062_2D,fish_yellow_perch,黄鲈,Perca Flavescens,Yellow Perch,14.85,温水,0,29.7,7.43,0.1,水草|石头|深坑|断层|岩架|湾子|碎石底|暗岛,淡水|半咸水,benthopelagic,晨昏活跃,0.42,0.72,0.95,0.68,0.46,0.72,0.96,0.62,中下层|底层,1,7,10,56,0,昆虫|甲壳|鱼饵|饵鱼,T尾|卷尾|软虫|米诺|勺子亮片|VIB,凶猛肉食性,hunting macrofauna (predator)
recvppgBfWmWs0,icon_fish_0021_2D,fish_channel_catfish,斑点叉尾鮰,Ictalurus Punctatus,Channel Catfish,20.8,广温,10,31.6,5.4,0.1,沉木|深坑|断层|湾子|泥底|入水口,淡水,demersal,夜间活跃,1,0.88,0.42,0.3,0.24,0.38,0.72,0.96,底层,1,4,10,15,,种子|昆虫|甲壳|鱼饵|谷物|饵鱼,T尾|卷尾|软虫|VIB|嘈杂饵,杂食性,variable
recvppgBfWMCzd,icon_fish_0045_2D,fish_rock_bass,岩钝鲈,Ambloplites Rupestris,Rock Bass,19.65,广温,10,29.3,4.82,0.1,水草|石头|沉木|断层|湾子|浅滩,淡水,benthopelagic,晨昏活跃,0.42,0.72,0.95,0.68,0.46,0.72,0.96,0.62,中下层|底层,1,7,10,21,0,昆虫|甲壳|鱼饵|饵鱼,T尾|卷尾|软虫|米诺|波爬|VIB|铅笔|雷蛙|复合亮片|摇滚饵,温和肉食性,hunting macrofauna (predator)
recvppgBfWTdCt,icon_fish_0035_2D,fish_muskellunge,北美狗鱼,Esox Masquinongy,Muskellunge,15,温水,11,19,8,0.1,开放水域|水草|沉木|深坑|断层|湾子|浅滩|芦苇,淡水,demersal,晨昏活跃,0.42,0.72,0.95,0.68,0.46,0.72,0.96,0.62,底层,1,4,10,,,肉饵|饵鱼|内脏,T尾|软虫|仿真蛙|米诺|勺子亮片|旋转亮片|VIB|雷蛙|复合亮片,凶猛肉食性,hunting macrofauna (predator)
recvppgBfWJr70,icon_fish_0001_2D,fish_alewife,灰西鲱,Alosa Pseudoharengus,Alewife,3.3,温水,2.3,4.3,8,0.1,开放水域|深坑|断层|入水口|出水口,淡水|半咸水|海水,pelagic-neritic,全天活跃,0.72,0.72,0.82,0.82,0.78,0.82,0.84,0.78,中上层|中层,7,10,4,145,5,种子|昆虫|甲壳|谷物|饵鱼,T尾|卷尾|软虫|米诺|VIB,滤食性,hunting macrofauna (predator)
recvppgBfWD5uv,icon_fish_0048_2D,fish_smallmouth_bass,小口黑鲈,Micropterus Dolomieu,Smallmouth Bass,19,广温,8.5,29.5,5.25,0.1,水草|石头|沉木|断层|湾子|碎石底|浅滩|入水口,淡水,benthopelagic,晨昏活跃,0.42,0.72,0.95,0.68,0.46,0.72,0.96,0.62,表层|中下层|底层,10,7,10,7,1,昆虫|甲壳|饵鱼,T尾|卷尾|软虫|米诺|波爬|VIB|铅笔|雷蛙|复合亮片|摇滚饵,凶猛肉食性,hunting macrofauna (predator)
recvppgBfWY1PD,icon_fish_0052_2D,fish_striped_bass,美洲条纹狼鲈,Morone Saxatilis,Striped Bass,16.5,温水,8,25,4.25,0.1,水草|石头|沉木|断层|湾子|浅滩,淡水|半咸水|海水,demersal,晨昏活跃,0.42,0.72,0.95,0.68,0.46,0.72,0.96,0.62,底层,1,4,10,,30,昆虫|甲壳|鱼饵|鱼卵|饵鱼,T尾|卷尾|软虫|米诺|勺子亮片|VIB,凶猛肉食性,hunting macrofauna (predator)
recvppgBfWSOnn,icon_fish_0020_2D,fish_chain_pickerel,链纹狗鱼,Esox Niger,Chain Pickerel,15,温水,10,20,2.5,0.1,水草|沉木|湾子|浅滩|芦苇,淡水,demersal,晨昏活跃,0.42,0.72,0.95,0.68,0.46,0.72,0.96,0.62,底层,1,4,10,6,,昆虫|甲壳|肉饵|饵鱼|内脏,T尾|软虫|仿真蛙|米诺|勺子亮片|旋转亮片|VIB|雷蛙|复合亮片,凶猛肉食性,hunting macrofauna (predator)
recvppgBfWzQJ3,icon_fish_0010_2D,fish_black_crappie,黑斑刺盖太阳鱼,Pomoxis Nigromaculatus,Black Crappie,22.3,温水,14,30.6,4.15,0.1,水草|石头|沉木|湾子|浅滩|芦苇|码头,淡水,benthopelagic,晨昏活跃,0.42,0.72,0.95,0.68,0.46,0.72,0.96,0.62,中下层|底层,1,7,10,,0,昆虫|甲壳|饵鱼,T尾|卷尾|软虫|米诺|波爬|VIB|铅笔|雷蛙|复合亮片|摇滚饵,凶猛肉食性,hunting macrofauna (predator)
recvppgBfWFZLN,icon_fish_0038_2D,fish_pumpkinseed_sunfish,驼背太阳鱼,Lepomis Gibbosus,Pumpkinseed Sunfish,17,广温,4,30,6.5,0.1,水草|石头|沉木|深坑|断层|湾子|浅滩|芦苇|码头,淡水|半咸水,benthopelagic,晨昏活跃,0.42,0.72,0.95,0.68,0.46,0.72,0.96,0.62,中下层|底层,1,7,10,41,0,昆虫|甲壳|鱼饵|鱼卵|饵鱼,T尾|卷尾|软虫|米诺|波爬|VIB|铅笔|雷蛙|复合亮片|摇滚饵,温和肉食性,hunting macrofauna (predator)
recvppgBfWAAVu,icon_fish_0046_2D,fish_sauger,加拿大梭鲈,Sander Canadensis,Sauger,25.1,温水,19.1,31.1,3.76,0.1,石头|深坑|断层|岩架|碎石底|暗岛,淡水,demersal,夜间活跃,1,0.88,0.42,0.3,0.24,0.38,0.72,0.96,表层|底层,10,4,10,,5,昆虫|甲壳|鱼饵|饵鱼,T尾|卷尾|软虫|米诺|勺子亮片|VIB,凶猛肉食性,hunting macrofauna (predator)
recvppgBfWht7g,icon_fish_0055_2D,fish_walleye,玻璃梭鲈,Sander Vitreus,Walleye,15.05,广温,1.1,29,6.97,0.1,石头|深坑|断层|岩架|碎石底|暗岛,淡水|半咸水,benthopelagic,夜间活跃,1,0.88,0.42,0.3,0.24,0.38,0.72,0.96,中下层|底层,1,7,10,27,0,昆虫|甲壳|饵鱼,T尾|卷尾|软虫|米诺|勺子亮片|VIB,凶猛肉食性,hunting macrofauna (predator)
recvppgBfWNdVB,icon_fish_0031_2D,fish_green_sunfish,绿太阳鱼,Lepomis Cyanellus,Green Sunfish,24.85,暖水,18,31.7,3.43,0.1,水草|石头|沉木|湾子|浅滩|芦苇|码头,淡水,benthopelagic,晨昏活跃,0.42,0.72,0.95,0.68,0.46,0.72,0.96,0.62,中下层|底层,1,7,10,,,昆虫|鱼饵|饵鱼,T尾|卷尾|软虫|米诺|波爬|VIB|铅笔|雷蛙|复合亮片|摇滚饵,温和肉食性,
recvppgBfWTESZ,icon_fish_0011_2D,fish_blacktail_shiner,迷人真小鲤,Cyprinella Venusta,Blacktail Shiner,22,温水,17,27,6,0.1,开放水域|石头|湾子|碎石底|浅滩|入水口,淡水,benthopelagic,早晨活跃,0.3,0.72,1,0.78,0.5,0.55,0.48,0.35,中下层|底层,1,7,10,,,昆虫,,杂食性,
recvppgBfWkdNd,icon_fish_0016_2D,fish_brook_trout,美洲红点鲑,Salvelinus Fontinalis,Brook Trout,12.65,温水,0,25.3,6.32,0.1,开放水域|石头|深坑|断层|碎石底|入水口,淡水|半咸水|海水,benthopelagic,晨昏活跃,0.42,0.72,0.95,0.68,0.46,0.72,0.96,0.62,中下层|底层,1,7,10,27,15,昆虫|甲壳|鱼饵|鱼卵|肉饵|饵鱼|内脏,软虫|米诺|勺子亮片|旋转亮片|VIB,温和肉食性,hunting macrofauna (predator)
recvppgBfWfMZm,icon_fish_0039_2D,fish_rainbow_trout,虹鳟,Oncorhynchus Mykiss,Rainbow Trout,17,温水,10,24,3.5,0.1,开放水域|石头|深坑|断层|碎石底|旋涡|入水口|出水口,淡水|半咸水|海水,benthopelagic,晨昏活跃,0.42,0.72,0.95,0.68,0.46,0.72,0.96,0.62,中下层|底层,1,7,10,200,0,种子|昆虫|甲壳|鱼饵|鱼卵|谷物|饵鱼,软虫|米诺|勺子亮片|旋转亮片|VIB,凶猛肉食性,hunting macrofauna (predator)
recvppgBfWgrqK,icon_fish_0030_2D,fish_golden_trout,金鳟,Oncorhynchus Aguabonita,Golden Trout,15,温水,11,19,8,0.1,石头|深坑|断层|碎石底|旋涡|入水口|出水口,淡水,demersal,晨昏活跃,0.42,0.72,0.95,0.68,0.46,0.72,0.96,0.62,底层,1,4,10,,,昆虫|甲壳,软虫|米诺|勺子亮片|旋转亮片|VIB,温和肉食性,hunting macrofauna (predator)
recvppgBfW7WZ6,icon_fish_0043_2D,fish_redspotted_sunfish,红斑太阳鱼,Lepomis Miniatus,Redspotted Sunfish,15,温水,11,19,8,0.1,水草|石头|沉木|湾子|浅滩|芦苇|码头,淡水,demersal,晨昏活跃,0.42,0.72,0.95,0.68,0.46,0.72,0.96,0.62,底层,1,4,10,,,,T尾|卷尾|软虫|米诺|波爬|VIB|铅笔|雷蛙|复合亮片|摇滚饵,温和肉食性,
recvppgBfWvTo4,icon_fish_0053_2D,fish_tench,丁鱥,Tinca Tinca,Tench,14,广温,4,24,5,0.1,水草|湾子|泥底|浅滩|芦苇|入水口,淡水|半咸水,demersal,晨昏活跃,0.42,0.72,0.95,0.68,0.46,0.72,0.96,0.62,表层|底层,10,4,10,,1,种子|昆虫|甲壳|鱼饵|面团|谷物|饵鱼,T尾|卷尾|软虫|米诺|VIB,温和肉食性,hunting macrofauna (predator)
recvppgBfWJcAj,icon_fish_0028_2D,fish_freshwater_drum,淡水石首鱼,Aplodinotus Grunniens,Freshwater Drum,27.4,,21.4,33.4,4.05,0.1,深坑|断层|湾子|泥底|码头|入水口|沙底,淡水,demersal,晨昏活跃,0.42,0.72,0.95,0.68,0.46,0.72,0.96,0.62,底层,1,4,10,27,30,昆虫|甲壳|鱼饵|饵鱼,T尾|卷尾|软虫|虾管|米诺|勺子亮片|VIB,温和肉食性,hunting macrofauna (predator)
recvppgBfW0tKq,icon_fish_0061_2D,fish_yaqui_sucker,白亚口鱼,Catostomus Commersonii,Yaqui Sucker,14.65,温水,0,29.3,7.32,0.1,深坑|断层|泥底|碎石底|入水口|沙底,淡水|半咸水,demersal,早晨活跃,0.3,0.72,1,0.78,0.5,0.55,0.48,0.35,底层,1,4,10,,,种子|昆虫|甲壳|鱼饵|面团|谷物,T尾|卷尾|软虫|米诺|VIB,杂食性,hunting macrofauna (predator)
recvppgBfW39bm,icon_fish_0041_2D,fish_redear_sunfish,小冠太阳鱼,Lepomis Microlophus,Redear Sunfish,22,温水,17,27,6,0.1,水草|石头|沉木|湾子|浅滩|芦苇|码头,淡水,demersal,晨昏活跃,0.42,0.72,0.95,0.68,0.46,0.72,0.96,0.62,底层,1,4,10,,,,T尾|卷尾|软虫|米诺|波爬|VIB|铅笔|雷蛙|复合亮片|摇滚饵,温和肉食性,
recvppgBfWgMy7,icon_fish_0003_2D,fish_american_eel,美洲鳗鲡,Anguilla Rostrata,American Eel,14.5,广温,4,25,5.25,0.1,石头|沉木|深坑|湾子|泥底|碎石底|入水口|出水口,淡水|半咸水|海水,demersal,夜间活跃,1,0.88,0.42,0.3,0.24,0.38,0.72,0.96,底层,1,4,10,464,0,昆虫|甲壳|鱼饵|饵鱼,T尾|卷尾|软虫|VIB|嘈杂饵,凶猛肉食性,hunting macrofauna (predator)
recvppgBfWvgxs,icon_fish_0008_2D,fish_black_buffalo,黑牛胭脂鱼,Ictiobus Niger,Black Buffalo,22,温水,17,27,6,0.1,深坑|断层|泥底|碎石底|入水口|沙底,淡水,demersal,早晨活跃,0.3,0.72,1,0.78,0.5,0.55,0.48,0.35,底层,1,4,10,,,昆虫|甲壳|鱼饵,T尾|卷尾|软虫|米诺|VIB,温和肉食性,hunting macrofauna (predator)
recvppgBfWRm1c,icon_fish_0005_2D,fish_american_shad,美洲西鲱,Alosa Sapidissima,American Shad,5.6,温水,3.6,7.6,6,0.1,开放水域|深坑|断层|入水口|出水口,淡水|半咸水|海水,pelagic-neritic,全天活跃,0.72,0.72,0.82,0.82,0.78,0.82,0.84,0.78,中上层|中层,7,10,4,250,0,昆虫|甲壳|饵鱼,T尾|卷尾|软虫|米诺|VIB,滤食性,hunting macrofauna (predator)
recvppgBfWsGwp,icon_placeholder_0001_2D,#N/A,黄旗金枪鱼,Thunnus Albacares,Yellowfin Tuna,23,温水,15,31,4,0.1,开放水域|深坑|断层,半咸水|海水,pelagic-oceanic,全天活跃,0.72,0.72,0.82,0.82,0.78,0.82,0.84,0.78,中上层|中层,7,10,4,1602,1,甲壳|鱼饵|饵鱼,T尾|米诺|波爬|VIB|水面拖拉机|铅笔|多节鱼,凶猛肉食性,hunting macrofauna (predator)
recvppgBfWdmWP,icon_placeholder_0001_2D,#N/A,牛港鲹,Caranx Ignobilis,Giant Trevally,27.5,暖水,26,29,0.75,0.1,开放水域|尖脊|断层|岩架|暗岛,半咸水|海水,reef-associated,全天活跃,0.72,0.72,0.82,0.82,0.78,0.82,0.84,0.78,中下层|底层,1,7,10,188,10,甲壳|鱼饵|饵鱼,T尾|米诺|波爬|VIB|水面拖拉机|铅笔|多节鱼,凶猛肉食性,hunting macrofauna (predator)
recvppgBfWzovp,icon_placeholder_0001_2D,#N/A,鬼头刀,Coryphaena Hippurus,Mahimahi,25.5,暖水,21,30,2.25,0.1,开放水域|深坑|断层|入水口|出水口,半咸水|海水,pelagic-neritic,全天活跃,0.72,0.72,0.82,0.82,0.78,0.82,0.84,0.78,中上层|中层,7,10,4,85,0,种子|甲壳|鱼饵|谷物|饵鱼,T尾|米诺|波爬|VIB|水面拖拉机|铅笔|多节鱼,凶猛肉食性,hunting macrofauna (predator)
recvppgBfWZQYE,icon_placeholder_0001_2D,#N/A,旗鱼,Istiophorus Platypterus,Sailfish,25.6,暖水,19.6,31.6,6,0.1,开放水域|深坑|断层,海水,pelagic-oceanic,全天活跃,0.72,0.72,0.82,0.82,0.78,0.82,0.84,0.78,中上层|中层,7,10,4,200,0,甲壳|鱼饵|饵鱼,T尾|米诺|波爬|VIB|水面拖拉机|铅笔|多节鱼,凶猛肉食性,hunting macrofauna (predator)
recvppgBfWwgqx,icon_fish_0037_2D,fish_petromyzontidae,西方七鳃鳗,Western Brook Lamprey,Petromyzontidae,10月12日,冷水,0.6,18,3.25,0.1,石头|沉木|深坑|湾子|泥底|碎石底|入水口|出水口,淡水|半咸水|海水,demersal,夜间活跃,1,0.88,0.42,0.3,0.24,0.38,0.72,0.96,底层,1,4,10,,10,,,滤食性,hunting macrofauna (predator)
recvppgBfWASPy,icon_fish_0064_2D,fish_northern_snakehead,乌鳢,Channa Argus,Northern Snakehead,13,广温,4,22,4.5,0.1,水草|沉木|湾子|浅滩|浮萍|芦苇,淡水,benthopelagic,晨昏活跃,0.42,0.72,0.95,0.68,0.46,0.72,0.96,0.62,中下层|底层,1,7,10,,,饵鱼,T尾|软虫|仿真蛙|米诺|勺子亮片|旋转亮片|VIB|雷蛙|复合亮片,凶猛肉食性,hunting macrofauna (predator)
recvppgBfWfeHA,icon_placeholder_0001_2D,fish_northern_pike00,眼鳢,Channa Marulius,Bullseye Snakehead,26,暖水,24,28,1,0.1,水草|沉木|湾子|浅滩|浮萍|芦苇,淡水,benthopelagic,晨昏活跃,0.42,0.72,0.95,0.68,0.46,0.72,0.96,0.62,中下层|底层,1,7,10,,,饵鱼,T尾|软虫|仿真蛙|米诺|勺子亮片|旋转亮片|VIB|雷蛙|复合亮片,凶猛肉食性,hunting macrofauna (predator)
recvppgBfWE1If,icon_fish_0068_2D,fish_white_catfish,白鲶鱼,Ameiurus Catus,White Catfish,22,温水,17,27,6,0.1,水草|沉木|湾子|泥底|浅滩|芦苇,淡水|半咸水,demersal,夜间活跃,1,0.88,0.42,0.3,0.24,0.38,0.72,0.96,底层,1,4,10,,,种子|昆虫|鱼饵|谷物|饵鱼,T尾|卷尾|软虫|VIB|嘈杂饵,杂食性,hunting macrofauna (predator)
recvppgBfWRGAb,icon_placeholder_0001_2D,#N/A,大西洋大海鲢,Megalops Atlanticus,Atlantic Tarpon,25,广温,10,40,7.5,0.1,深坑|断层|泥底|沙底,淡水|半咸水|海水,reef-associated,晨昏活跃,0.42,0.72,0.95,0.68,0.46,0.72,0.96,0.62,中下层|底层,1,7,10,40,0,种子|昆虫|甲壳|谷物|饵鱼,T尾|米诺|波爬|VIB|水面拖拉机|铅笔|多节鱼,凶猛肉食性,hunting macrofauna (predator)
recvppgBfWzydo,icon_placeholder_0001_2D,fish_northern_pike00,浅滩鲈鱼,Micropterus Cataractae,Shoal Bass,22,温水,17,27,6,0.1,水草|石头|沉木|断层|湾子|碎石底|浅滩|入水口,淡水,benthopelagic,晨昏活跃,0.42,0.72,0.95,0.68,0.46,0.72,0.96,0.62,中下层|底层,1,7,10,,,,T尾|卷尾|软虫|米诺|波爬|VIB|铅笔|雷蛙|复合亮片|摇滚饵,凶猛肉食性,
recvppgBfWecOd,icon_placeholder_0001_2D,#N/A,公牛鲨,Carcharhinus Leucas,Bull Shark,27.5,暖水,21.5,33.5,6,0.1,开放水域|石头|深坑|断层|碎石底|旋涡|入水口|出水口,淡水|半咸水|海水,reef-associated,夜间活跃,1,0.88,0.42,0.3,0.24,0.38,0.72,0.96,中下层|底层,1,7,10,164,1,甲壳|鱼饵|肉饵|饵鱼|内脏,T尾|VIB|多节鱼,凶猛肉食性,hunting macrofauna (predator)
recvppgBfWmpBb,icon_fish_0063_2D,fish_midas_cichlid,米达斯慈鲷,Amphilophus Citrinellus,Midas Cichlid,28,暖水,23,33,2.5,0.1,水草|石头|沉木|断层|湾子|浅滩,淡水,benthopelagic,全天活跃,0.72,0.72,0.82,0.82,0.78,0.82,0.84,0.78,中下层|底层,1,7,10,,,种子|昆虫|鱼饵|谷物|饵鱼,T尾|卷尾|软虫|米诺|VIB,杂食性,
recvppgBfWESvH,icon_placeholder_0001_2D,fish_northern_pike00,红鲑鱼,Oncorhynchus Nerka,Sockeye Salmon,12.45,,0,24.9,6.22,0.1,开放水域|石头|深坑|断层|碎石底|旋涡|入水口|出水口,淡水|半咸水|海水,pelagic-oceanic,晨昏活跃,0.42,0.72,0.95,0.68,0.46,0.72,0.96,0.62,中上层|中层,7,10,4,250,0,昆虫|甲壳|饵鱼,米诺|勺子亮片|旋转亮片,滤食性,selective plankton feeding
recvppgBfWATct,icon_placeholder_0001_2D,#N/A,帝王鲑,Oncorhynchus Tshawytscha,Chinook Salmon,12.45,冷水,0,24.9,6.22,0.1,开放水域|石头|深坑|断层|碎石底|旋涡|入水口|出水口,淡水|半咸水|海水,benthopelagic,晨昏活跃,0.42,0.72,0.95,0.68,0.46,0.72,0.96,0.62,中下层|底层,1,7,10,375,0,昆虫|甲壳|鱼饵|饵鱼,软虫|米诺|勺子亮片|旋转亮片|VIB,凶猛肉食性,hunting macrofauna (predator)
recvppgBfWIkMz,icon_fish_0067_2D,fish_atlantic_salmon,大西洋鲑鱼,Salmo Salar,Atlantic Salmon,5.5,冷水,2,9,1.75,0.1,开放水域|石头|深坑|断层|碎石底|旋涡|入水口|出水口,淡水|半咸水|海水,benthopelagic,晨昏活跃,0.42,0.72,0.95,0.68,0.46,0.72,0.96,0.62,中下层|底层,1,7,10,210,0,昆虫|甲壳|鱼饵|肉饵|饵鱼|内脏,软虫|米诺|勺子亮片|旋转亮片|VIB,凶猛肉食性,hunting macrofauna (predator)
recvppgBfWEHew,icon_fish_0065_2D,fish_ruffe,梅花鲈,Gymnocephalus Cernua,Ruffe,15,温水,10,20,2.5,0.1,水草|石头|深坑|断层|岩架|湾子|碎石底|暗岛,淡水|半咸水,benthopelagic,晨昏活跃,0.42,0.72,0.95,0.68,0.46,0.72,0.96,0.62,表层|中下层|底层,10,7,10,85,2,种子|昆虫|甲壳|鱼饵|鱼卵|谷物|饵鱼,T尾|卷尾|软虫|米诺|勺子亮片|VIB,温和肉食性,variable
recvppgBfWVYbc,icon_placeholder_0001_2D,fish_northern_pike00,银鲑,Oncorhynchus Kisutch,Coho Salmon,12.4,,0,24.8,6.2,0.1,开放水域|石头|深坑|断层|碎石底|旋涡|入水口|出水口,淡水|半咸水|海水,pelagic-neritic,晨昏活跃,0.42,0.72,0.95,0.68,0.46,0.72,0.96,0.62,中上层|中层,7,10,4,250,0,昆虫|甲壳|饵鱼,米诺|勺子亮片|旋转亮片,凶猛肉食性,hunting macrofauna (predator)
recvppgBfWQu7g,icon_placeholder_0001_2D,#N/A,大马哈鱼,Oncorhynchus Keta,Chum Salmon,11.85,冷水,0,23.7,5.93,0.1,开放水域|石头|深坑|断层|碎石底|旋涡|入水口|出水口,淡水|半咸水|海水,benthopelagic,晨昏活跃,0.42,0.72,0.95,0.68,0.46,0.72,0.96,0.62,中下层|底层,1,7,10,250,0,种子|昆虫|甲壳|鱼饵|鱼卵|谷物|饵鱼,软虫|米诺|勺子亮片|旋转亮片|VIB,凶猛肉食性,hunting macrofauna (predator)
recvppgBfWSSXi,icon_placeholder_0001_2D,fish_northern_pike00,吉拉鳟鱼,Oncorhynchus Gilae,Gila Trout,15,温水,11,19,8,0.1,石头|深坑|断层|碎石底|旋涡|入水口|出水口,淡水,demersal,晨昏活跃,0.42,0.72,0.95,0.68,0.46,0.72,0.96,0.62,底层,1,4,10,,,,软虫|米诺|勺子亮片|旋转亮片|VIB,温和肉食性,
recvppgBfWsVts,icon_placeholder_0001_2D,fish_northern_pike00,阿帕奇鳟鱼,Oncorhynchus Apache,Apache Trout,15,温水,11,19,8,0.1,石头|深坑|断层|碎石底|旋涡|入水口|出水口,淡水,demersal,晨昏活跃,0.42,0.72,0.95,0.68,0.46,0.72,0.96,0.62,底层,1,4,10,,,,软虫|米诺|勺子亮片|旋转亮片|VIB,温和肉食性,
recvppgBfWSJ8t,icon_placeholder_0001_2D,fish_northern_pike00,粉鲑,Oncorhynchus Gorbuscha,Pink Salmon,3.3,冷水,2.3,4.3,2.62,0.1,开放水域|石头|深坑|断层|碎石底|旋涡|入水口|出水口,淡水|半咸水|海水,demersal,晨昏活跃,0.42,0.72,0.95,0.68,0.46,0.72,0.96,0.62,底层,1,4,10,250,0,昆虫|甲壳|鱼饵|鱼卵|饵鱼,软虫|米诺|勺子亮片|旋转亮片|VIB,凶猛肉食性,hunting macrofauna (predator)
recvppgBfWUwLo,icon_placeholder_0001_2D,fish_northern_pike00,江鳕,Lota Lota,Burbot,11,冷水,4,18,3.5,0.1,深坑|断层|湾子|泥底,淡水|半咸水,demersal,夜间活跃,1,0.88,0.42,0.3,0.24,0.38,0.72,0.96,底层,1,4,10,700,1,昆虫|甲壳|鱼饵|鱼卵|肉饵|饵鱼|内脏,T尾|卷尾|软虫|VIB|嘈杂饵,凶猛肉食性,hunting macrofauna (predator)
recvppgBfWoPCY,icon_placeholder_0001_2D,fish_northern_pike00,湖白鲑,Coregonus Artedi,Lake Whitefish,13,温水,0,26,6.5,0.1,开放水域|石头|深坑|断层|碎石底|入水口,淡水|半咸水|海水,pelagic-neritic,晨昏活跃,0.42,0.72,0.95,0.68,0.46,0.72,0.96,0.62,中上层|中层,7,10,4,64,0,昆虫|甲壳|鱼卵|饵鱼,米诺|勺子亮片|旋转亮片,滤食性,selective plankton feeding
recvppgBfWXHhq,icon_placeholder_0001_2D,fish_northern_pike00,北极茴鱼,Thymallus Arcticus,Arctic Grayling,15,温水,11,19,8,0.1,石头|深坑|断层|碎石底|旋涡|入水口|出水口,淡水,benthopelagic,晨昏活跃,0.42,0.72,0.95,0.68,0.46,0.72,0.96,0.62,中下层|底层,1,7,10,,30,昆虫|甲壳|鱼卵|肉饵|内脏,软虫|米诺|勺子亮片|旋转亮片|VIB,温和肉食性,hunting macrofauna (predator)
recvppgBfWVP7p,icon_placeholder_0001_2D,fish_northern_pike00,阿拉斯加黑鱼,Dallia Pectoralis,Alaska Blackfish,9,冷水,4,14,2.5,0.1,水草|沉木|湾子|泥底|浅滩|浮萍|芦苇,淡水,demersal,晨昏活跃,0.42,0.72,0.95,0.68,0.46,0.72,0.96,0.62,底层,1,4,10,,,昆虫|甲壳|鱼饵|饵鱼,T尾|卷尾|软虫|米诺|VIB,杂食性,variable
recvppgBfWSvl3,icon_placeholder_0001_2D,fish_northern_pike00,北极红点鲑,Salvelinus Alpinus,Arctic Char,10,冷水,4,16,3,0.1,开放水域|石头|深坑|断层|碎石底|入水口,淡水|半咸水|海水,benthopelagic,晨昏活跃,0.42,0.72,0.95,0.68,0.46,0.72,0.96,0.62,中下层|底层,1,7,10,70,0,种子|昆虫|甲壳|鱼饵|鱼卵|谷物|饵鱼,软虫|米诺|勺子亮片|旋转亮片|VIB,凶猛肉食性,hunting macrofauna (predator)
recvppgBfWgb7F,icon_fish_0066_2D,fish_mooneye,月眼鱼,Hiodon Tergisus,Mooneye,15,温水,11,19,8,0.1,开放水域,淡水,pelagic,夜间活跃,1,0.88,0.42,0.3,0.24,0.38,0.72,0.96,中上层|中层,7,10,4,,,昆虫|甲壳|鱼饵|饵鱼,T尾|卷尾|软虫|米诺|VIB,凶猛肉食性,hunting macrofauna (predator)
recvppgBfWQk9D,icon_placeholder_0001_2D,#N/A,黑斑须雅罗鱼,Semotilus Atromaculatus,Common Creek Chub,15.15,温水,0,30.3,7.57,0.1,开放水域|石头|湾子|碎石底|浅滩|入水口,淡水,demersal,早晨活跃,0.3,0.72,1,0.78,0.5,0.55,0.48,0.35,底层,1,4,10,,,种子|昆虫|甲壳|鱼饵|面团|谷物|饵鱼,T尾|卷尾|软虫|米诺|VIB,凶猛肉食性,hunting macrofauna (predator)
recvppgBfW1Luy,icon_placeholder_0001_2D,#N/A,巨骨舌鱼,Arapaima Gigas,Arapaima Gigas,27,暖水,25,29,1,0.1,开放水域|水草|沉木|湾子|浅滩|浮萍|芦苇,淡水,demersal,晨昏活跃,0.42,0.72,0.95,0.68,0.46,0.72,0.96,0.62,底层,1,4,10,,,饵鱼,T尾|软虫|米诺|波爬|VIB|铅笔|多节鱼,凶猛肉食性,hunting macrofauna (predator)
recvppgBfWOU62,icon_placeholder_0001_2D,#N/A,红腹食人鱼,Pygocentrus Nattereri,Red-bellied Piranha,25,暖水,23,27,1,0.1,开放水域|水草|沉木|深坑|断层|湾子|入水口,淡水,pelagic,全天活跃,0.72,0.72,0.82,0.82,0.78,0.82,0.84,0.78,中上层|中层,7,10,4,,,种子|昆虫|甲壳|鱼饵|面团|谷物|饵鱼|水果,T尾|卷尾|软虫|米诺|VIB,凶猛肉食性,hunting macrofauna (predator)
recvppgBfWSg8p,icon_placeholder_0001_2D,#N/A,接吻鲷,Helostoma Temminckii,Kissing Prochilodus,25,暖水,22,28,1.5,0.1,开放水域|深坑|湾子|泥底|碎石底|入水口|沙底,淡水,benthopelagic,全天活跃,0.72,0.72,0.82,0.82,0.78,0.82,0.84,0.78,表层|中下层|底层,10,7,10,,2,种子|昆虫|谷物,,杂食性,
recvppgBfWvmPa,icon_placeholder_0001_2D,#N/A,黑食人鱼,Serrasalmus Rhombeus,Black Piranha,25,暖水,23,27,1,0.1,开放水域|水草|沉木|深坑|断层|湾子|入水口,淡水,benthopelagic,全天活跃,0.72,0.72,0.82,0.82,0.78,0.82,0.84,0.78,中下层|底层,1,7,10,,,种子|昆虫|甲壳|鱼饵|面团|谷物|饵鱼|水果,T尾|卷尾|软虫|米诺|VIB,凶猛肉食性,hunting macrofauna (predator)
recvppgBfWU8bO,icon_placeholder_0001_2D,#N/A,黑棘鲶,Oxydoras niger,Ripsaw Catfish,24,,18,30,3,0.1,水草|沉木|深坑|湾子|泥底|浅滩|芦苇,,,晨昏活跃,0.42,0.72,0.95,0.68,0.46,0.72,0.96,0.62,底层,1,4,10,,,,,腐食性,
recvppgBfWiZzA,icon_placeholder_0001_2D,#N/A,银龙鱼,Osteoglossum Bicirrhosum,Silver Arowana,27,暖水,24,30,1.5,0.1,开放水域|水草|沉木|湾子|浅滩|浮萍|芦苇,淡水,benthopelagic,晨昏活跃,0.42,0.72,0.95,0.68,0.46,0.72,0.96,0.62,中下层|底层,1,7,10,,,种子|昆虫|甲壳|鱼饵|谷物|饵鱼,T尾|软虫|米诺|波爬|VIB|铅笔|多节鱼,凶猛肉食性,hunting macrofauna (predator)
recvppgBfWkV00,icon_placeholder_0001_2D,#N/A,眼斑河魟,Potamotrygon Motoro,Ocellate River Stingray,25,暖水,24,26,0.5,0.1,深坑|湾子|泥底|沙洲|浅滩|沙底,淡水,benthopelagic,夜间活跃,1,0.88,0.42,0.3,0.24,0.38,0.72,0.96,中下层|底层,1,7,10,,,,,温和肉食性,
recvppgBfW1t3o,icon_placeholder_0001_2D,#N/A,大理石倒立鱼,Abramites Hypselonotus,Marbled Headstander,25,暖水,23,27,1,0.1,开放水域|水草|沉木|湾子|泥底|浅滩|入水口,淡水,pelagic,晨昏活跃,0.42,0.72,0.95,0.68,0.46,0.72,0.96,0.62,中上层|中层,7,10,4,,,种子|昆虫|甲壳|鱼饵|谷物,T尾|卷尾|软虫|米诺|VIB,植食性,hunting macrofauna (predator)
recvppgBfWdgXq,icon_placeholder_0001_2D,#N/A,巴亚拉鱼,Hydrolycus Scomberoides,Payara,26,暖水,24,28,1,0.1,开放水域|水草|沉木|深坑|断层|湾子|入水口,淡水,benthopelagic,晨昏活跃,0.42,0.72,0.95,0.68,0.46,0.72,0.96,0.62,中下层|底层,1,7,10,,,饵鱼,T尾|软虫|米诺|波爬|VIB|铅笔|多节鱼,凶猛肉食性,hunting macrofauna (predator)
recvppgBfW3j5m,icon_placeholder_0001_2D,#N/A,红钩鱼,Myloplus Rubripinnis,Redhook Myleus,25,暖水,23,27,1,0.1,开放水域|水草|沉木|湾子|泥底|浅滩|入水口,淡水,benthopelagic,全天活跃,0.72,0.72,0.82,0.82,0.78,0.82,0.84,0.78,中下层|底层,1,7,10,,,种子|面团|谷物|水果,,植食性,other
recvppgBfWI2gI,icon_placeholder_0001_2D,#N/A,银斑鲫,Mylossoma duriventre,Silver Mylossoma,25,,22,28,1.5,0.1,水草|湾子|泥底|浅滩|芦苇|入水口,,,早晨活跃,0.3,0.72,1,0.78,0.5,0.55,0.48,0.35,中下层|底层,1,4,10,,,,,植食性,
recvppgBfW0T9j,icon_placeholder_0001_2D,#N/A,红尾鲶鱼,Phractocephalus Hemioliopterus,Redtail Catfish,23,温水,20,26,1.5,0.1,开放水域|沉木|深坑|断层|泥底|入水口,淡水,demersal,夜间活跃,1,0.88,0.42,0.3,0.24,0.38,0.72,0.96,底层,1,4,10,,,种子|甲壳|谷物|饵鱼,T尾|卷尾|软虫|VIB|嘈杂饵,凶猛肉食性,hunting macrofauna (predator)
recvppgBfWexpp,icon_placeholder_0001_2D,#N/A,细纹鲶鱼,Trichomycterus striatus,Pencil Catfish,25,,22,28,1.5,0.1,水草|沉木|深坑|湾子|泥底|浅滩|芦苇,,,晨昏活跃,0.42,0.72,0.95,0.68,0.46,0.72,0.96,0.62,底层,1,4,10,,,,,温和肉食性,
recvppgBfWZ82p,icon_placeholder_0001_2D,#N/A,南美肺鱼,Lepidosiren Paradoxa,South American Lungfish,26,暖水,24,28,1,0.1,水草|沉木|湾子|泥底|浅滩|浮萍|芦苇,淡水,demersal,夜间活跃,1,0.88,0.42,0.3,0.24,0.38,0.72,0.96,底层,1,4,10,,,种子|昆虫|甲壳|鱼饵|谷物|饵鱼,T尾|卷尾|软虫|米诺|VIB,杂食性,variable
recvppgBfWhk4q,icon_placeholder_0001_2D,#N/A,奥里诺科孔雀鲈,Cichla Orinocensis,Orinoco Peacock Bass,28,暖水,27,29,0.5,0.1,水草|石头|沉木|断层|湾子|浅滩,淡水,benthopelagic,全天活跃,0.72,0.72,0.82,0.82,0.78,0.82,0.84,0.78,中下层|底层,1,7,10,,,昆虫|甲壳|饵鱼,T尾|卷尾|软虫|米诺|VIB,凶猛肉食性,hunting macrofauna (predator)
recvppgBfWSY6R,icon_placeholder_0001_2D,#N/A,短扁口鲶,Brachyplatystoma filamentosum,Piraiba,25,,22,28,1.5,0.1,开放水域|沉木|深坑|断层|泥底|入水口,,,早晨活跃,0.3,0.72,1,0.78,0.5,0.55,0.48,0.35,底层,1,4,10,,,,,凶猛肉食性,
recvppgBfWMdML,icon_placeholder_0001_2D,#N/A,电鳗,Electrophorus Electricus,Electric Eel,25.5,暖水,23,28,1.25,0.1,石头|沉木|深坑|湾子|泥底|碎石底|入水口|出水口,淡水,benthopelagic,夜间活跃,1,0.88,0.42,0.3,0.24,0.38,0.72,0.96,中下层|底层,1,7,10,,,昆虫|鱼饵|鱼卵|肉饵|饵鱼|内脏,T尾|卷尾|软虫|米诺|VIB,凶猛肉食性,hunting macrofauna (predator)
recvppgBfWxHaa,icon_placeholder_0001_2D,#N/A,红尾梭鱼,Acestrorhynchus Falcatus,Red Tail Barracuda,26,,20,32,5,0.1,开放水域|水草|沉木|深坑|断层|湾子|入水口,淡水,benthopelagic,晨昏活跃,0.42,0.72,0.95,0.68,0.46,0.72,0.96,0.62,中下层|底层,1,7,10,,,饵鱼,T尾|软虫|米诺|波爬|VIB|铅笔|多节鱼,凶猛肉食性,
recvppgBfWn7z0,icon_placeholder_0001_2D,#N/A,巨狼鱼,Hoplias Aimara,Giant Wolf Fish,26,,20,32,5,0.1,开放水域|水草|沉木|深坑|断层|湾子|入水口,淡水,benthopelagic,晨昏活跃,0.42,0.72,0.95,0.68,0.46,0.72,0.96,0.62,中下层|底层,1,7,10,,,昆虫|鱼饵|饵鱼,T尾|软虫|仿真蛙|米诺|勺子亮片|旋转亮片|VIB|雷蛙|复合亮片,凶猛肉食性,hunting macrofauna (predator)
recvppgBfWqiDJ,icon_placeholder_0001_2D,fish_northern_pike00,花羔红点鲑,Salvelinus Malma,Dolly Varden Trout,10,,4,16,3,0.1,石头|深坑|断层|碎石底|旋涡|入水口|出水口,,,全天活跃,0.72,0.72,0.82,0.82,0.78,0.82,0.84,0.78,中下层|底层,1,4,10,,,,,凶猛肉食性,
recvppgBfWPNfp,icon_placeholder_0001_2D,#N/A,大眼金枪鱼,Thunnus Obesus,Bigeye Tuna,21,温水,13,29,4,0.1,开放水域|深坑|断层,海水,pelagic-oceanic,全天活跃,0.72,0.72,0.82,0.82,0.78,0.82,0.84,0.78,中上层|中层,7,10,4,1500,0,甲壳|鱼饵|饵鱼,T尾|米诺|波爬|VIB|水面拖拉机|铅笔|多节鱼,凶猛肉食性,hunting macrofauna (predator)
recvppgBfWNMNH,icon_placeholder_0001_2D,#N/A,太平洋蓝鳍金枪鱼,Thunnus Orientalis,Pacific Bluefin Tuna,24.3,,19.3,29.3,6,0.1,开放水域|深坑|断层,半咸水|海水,pelagic-oceanic,全天活跃,0.72,0.72,0.82,0.82,0.78,0.82,0.84,0.78,中上层|中层,7,10,4,550,1,鱼饵|肉饵,T尾|米诺|波爬|VIB|水面拖拉机|铅笔|多节鱼,凶猛肉食性,hunting macrofauna (predator)
recvppgBfWX9xq,icon_placeholder_0001_2D,#N/A,康氏马鲛,Scomberomorus Commerson,Narrow Barred Spanish Mackerel,28,,22,34,5,0.1,开放水域|深坑|断层|入水口|出水口,海水,pelagic-neritic,全天活跃,0.72,0.72,0.82,0.82,0.78,0.82,0.84,0.78,中上层|中层,7,10,4,70,10,甲壳|鱼卵|饵鱼,T尾|米诺|波爬|VIB|水面拖拉机|铅笔|多节鱼,凶猛肉食性,hunting macrofauna (predator)
recvppgBfWpZU3,icon_placeholder_0001_2D,#N/A,日本竹荚鱼,Trachurus Japonicus,Japanese Jack Mackerel,13.8,,10.8,16.8,5,0.1,开放水域|深坑|断层|入水口|出水口,海水,pelagic-neritic,全天活跃,0.72,0.72,0.82,0.82,0.78,0.82,0.84,0.78,中上层|中层,7,10,4,275,0,,T尾|米诺|波爬|VIB|水面拖拉机|铅笔|多节鱼,滤食性,selective plankton feeding
recvppgBfWLxTg,icon_placeholder_0001_2D,#N/A,条纹四鳍旗鱼,Kajikia Audax,Striped Marlin,22.5,温水,20,25,1.25,0.1,开放水域|深坑|断层,海水,pelagic-oceanic,全天活跃,0.72,0.72,0.82,0.82,0.78,0.82,0.84,0.78,中上层|中层,7,10,4,200,0,饵鱼,T尾|米诺|波爬|VIB|水面拖拉机|铅笔|多节鱼,凶猛肉食性,hunting macrofauna (predator)
recvppgBfWzIq1,icon_placeholder_0001_2D,#N/A,蓝笛鲷,Aprion Virescens,Green Jobfish,27.9,暖水,21.9,33.9,5,0.1,开放水域|尖脊|断层|岩架|暗岛,海水,reef-associated,晨昏活跃,0.42,0.72,0.95,0.68,0.46,0.72,0.96,0.62,中下层|底层,1,7,10,180,0,甲壳|饵鱼,T尾|卷尾|软虫|虾管|米诺|勺子亮片|VIB,凶猛肉食性,hunting macrofauna (predator)
recvppgBfWgFkW,icon_placeholder_0001_2D,#N/A,莱氏拟乌贼,Sepioteuthis Lessoniana,Bigfin Reef Squid,23,,18,28,2.5,0.1,开放水域|水草|石头|深坑|断层|岩架|码头,半咸水|海水,demersal,晨昏活跃,0.42,0.72,0.95,0.68,0.46,0.72,0.96,0.62,底层,1,4,10,100,,,,凶猛肉食性,hunting macrofauna (predator)
recvppgBfWGhWa,icon_placeholder_0001_2D,#N/A,裸狐鲣,Gymnosarda Unicolor,Dogtooth Tuna,24,暖水,20,28,2,0.1,开放水域|深坑|断层,海水,reef-associated,全天活跃,0.72,0.72,0.82,0.82,0.78,0.82,0.84,0.78,中下层|底层,1,7,10,250,0,饵鱼,T尾|米诺|波爬|VIB|水面拖拉机|铅笔|多节鱼,凶猛肉食性,hunting macrofauna (predator)
recvppgBfWLGuZ,icon_placeholder_0001_2D,#N/A,长鳍金枪鱼,Thunnus Alalunga,Albacore,17.35,温水,9.5,25.2,3.93,0.1,开放水域|深坑|断层,海水,pelagic-oceanic,全天活跃,0.72,0.72,0.82,0.82,0.78,0.82,0.84,0.78,中上层|中层,7,10,4,600,0,甲壳|饵鱼,T尾|米诺|波爬|VIB|水面拖拉机|铅笔|多节鱼,凶猛肉食性,hunting macrofauna (predator)
recvppgBfWNVrL,icon_placeholder_0001_2D,#N/A,鞍带石斑鱼,Epinephelus Lanceolatus,Giant Grouper,28.1,暖水,22.1,34.1,5,0.1,石头|深坑|断层|岩架|崖壁|暗岛,半咸水|海水,reef-associated,晨昏活跃,0.42,0.72,0.95,0.68,0.46,0.72,0.96,0.62,中下层|底层,1,7,10,200,1,甲壳|饵鱼,T尾|卷尾|软虫|虾管|米诺|勺子亮片|VIB,凶猛肉食性,hunting macrofauna (predator)
recvppgBfWJdYf,icon_placeholder_0001_2D,#N/A,高体鰤,Seriola Dumerili,Greater Amberjack,27.1,暖水,21.1,33.1,6,0.1,开放水域|尖脊|断层|岩架|暗岛,海水,reef-associated,全天活跃,0.72,0.72,0.82,0.82,0.78,0.82,0.84,0.78,中下层|底层,1,7,10,385,1,甲壳|鱼饵|饵鱼,T尾|米诺|波爬|VIB|水面拖拉机|铅笔|多节鱼,凶猛肉食性,hunting macrofauna (predator)
recvppgBfWEtv1,icon_placeholder_0001_2D,#N/A,东方狐鲣,Sarda Orientalis,Striped Bonito,18.25,温水,13.5,23,2.25,0.1,开放水域|深坑|断层|入水口|出水口,海水,pelagic-neritic,全天活跃,0.72,0.72,0.82,0.82,0.78,0.82,0.84,0.78,中上层|中层,7,10,4,167,1,甲壳|饵鱼,T尾|米诺|波爬|VIB|水面拖拉机|铅笔|多节鱼,凶猛肉食性,hunting macrofauna (predator)
recvppgBfX8j0e,icon_placeholder_0001_2D,#N/A,日本鲭,Scomber Japonicus,Chub Mackerel,18.5,温水,10,27,4.25,0.1,开放水域|深坑|断层|入水口|出水口,海水,pelagic-neritic,全天活跃,0.72,0.72,0.82,0.82,0.78,0.82,0.84,0.78,中上层|中层,7,10,4,300,0,甲壳|鱼饵|鱼卵|饵鱼,T尾|米诺|波爬|VIB|水面拖拉机|铅笔|多节鱼,温和肉食性,hunting macrofauna (predator)
recvppgBfXsGjb,icon_placeholder_0001_2D,#N/A,海鲈鱼,Lateolabrax Japonicus,Asian Seabasses,22.4,,17.4,27.4,6,0.1,水草|石头|沉木|断层|湾子|浅滩,淡水|半咸水|海水,reef-associated,晨昏活跃,0.42,0.72,0.95,0.68,0.46,0.72,0.96,0.62,表层|中下层|底层,10,7,10,,5,昆虫|甲壳|鱼饵|饵鱼,T尾|卷尾|软虫|米诺|勺子亮片|VIB,凶猛肉食性,hunting macrofauna (predator)
recvppgBfXxaUK,icon_placeholder_0001_2D,#N/A,黑鲷,Acanthopagrus Schlegelii,Blackhead Seabream,23.7,,18.7,28.7,6,0.1,石头|深坑|断层|岩架|泥底|崖壁|码头|暗岛|沙底,半咸水|海水,demersal,全天活跃,0.72,0.72,0.82,0.82,0.78,0.82,0.84,0.78,底层,1,4,10,,15,种子|甲壳|鱼饵|谷物|饵鱼,T尾|卷尾|软虫|虾管|米诺|勺子亮片|VIB,温和肉食性,hunting macrofauna (predator)
recvppgBfX5bwk,icon_placeholder_0001_2D,#N/A,真鲷,Pagrus Major,Red Seabream,21.8,,16.8,26.8,6,0.1,石头|深坑|断层|岩架|泥底|崖壁|码头|暗岛|沙底,海水,demersal,全天活跃,0.72,0.72,0.82,0.82,0.78,0.82,0.84,0.78,底层,1,4,10,200,10,甲壳|鱼饵|鱼卵|饵鱼,T尾|卷尾|软虫|虾管|米诺|勺子亮片|VIB,温和肉食性,hunting macrofauna (predator)
recvppgBfXVjAB,icon_placeholder_0001_2D,#N/A,条石鲷,Oplegnathus Fasciatus,Rock Bream,22,,17,27,8,0.1,石头|深坑|断层|岩架|崖壁|暗岛,海水,reef-associated,全天活跃,0.72,0.72,0.82,0.82,0.78,0.82,0.84,0.78,表层|中下层|底层,10,7,10,10,1,甲壳|鱼饵,T尾|卷尾|软虫|虾管|米诺|勺子亮片|VIB,温和肉食性,hunting macrofauna (predator)
recvppgBfXRJZa,icon_placeholder_0001_2D,#N/A,沙鮻,Sillago Sihama,Northern Whiting,27.5,暖水,26,29,0.75,0.1,开放水域|深坑|断层|泥底|沙洲|沙底,半咸水|海水,reef-associated,晨昏活跃,0.42,0.72,0.95,0.68,0.46,0.72,0.96,0.62,中下层|底层,1,7,10,60,0,种子|甲壳|鱼饵|鱼卵|谷物|饵鱼,T尾|卷尾|软虫|虾管|米诺|勺子亮片|VIB,温和肉食性,hunting macrofauna (predator)
recvppgBfXpJTy,icon_placeholder_0001_2D,#N/A,星点东方鲀,Takifugu Niphobles,Grass Puffer,23.6,,18.6,28.6,8,0.1,深坑|断层|泥底|沙底,海水,demersal,全天活跃,0.72,0.72,0.82,0.82,0.78,0.82,0.84,0.78,底层,1,4,10,,,昆虫|甲壳|鱼饵,,温和肉食性,
recvppgBfXf19L,icon_placeholder_0001_2D,#N/A,枯叶鱼,Mentodus Facilis,Amazon Leaffish,4.7,暖水,3.7,5.7,1.08,0.1,开放水域|深坑|断层,海水,bathypelagic,夜间活跃,1,0.88,0.42,0.3,0.24,0.38,0.72,0.96,中层|中下层,4,10,7,2000,680,,,凶猛肉食性,
recvppgBfXvrup,icon_placeholder_0001_2D,#N/A,黑带兔脂鲤,Leporinus Nigrotaeniatus,Black Banded Leporinus,24.5,暖水,23,26,0.75,0.1,水草|湾子|泥底|浅滩|芦苇|入水口,淡水,benthopelagic,晨昏活跃,0.42,0.72,0.95,0.68,0.46,0.72,0.96,0.62,中下层|底层,1,7,10,,,,,杂食性,
recvppgBfXT5MP,icon_placeholder_0001_2D,#N/A,七彩神仙鱼（白）,Symphysodon Aequifasciatus（White）,White Discus,28.5,,26,31,1.25,0.1,开放水域,,,早晨活跃,0.3,0.72,1,0.78,0.5,0.55,0.48,0.35,中层,4,10,4,,,,,杂食性,
recvppgBfXN0xn,icon_placeholder_0001_2D,#N/A,七彩神仙鱼（橙）,Symphysodon Aequifasciatus（Orange）,Orange Discus,28.5,,26,31,1.25,0.1,开放水域,,,早晨活跃,0.3,0.72,1,0.78,0.5,0.55,0.48,0.35,中层,4,10,4,,,,,杂食性,
recvppgBfXwiS7,icon_placeholder_0001_2D,#N/A,地图鱼,Astronotus Ocellatus,Oscar,23.5,温水,22,25,0.75,0.1,水草|石头|沉木|断层|湾子|浅滩,淡水,benthopelagic,全天活跃,0.72,0.72,0.82,0.82,0.78,0.82,0.84,0.78,中下层|底层,1,7,10,,,种子|昆虫|甲壳|鱼饵|谷物|饵鱼,T尾|卷尾|软虫|米诺|VIB,凶猛肉食性,variable
recvppgBfX8bBO,icon_placeholder_0001_2D,#N/A,长吻鲍氏脂鲤,Boulengerella Cuvieri,Bicuda,26,,20,32,5,0.1,水草|湾子|泥底|浅滩|芦苇|入水口,淡水,pelagic,晨昏活跃,0.42,0.72,0.95,0.68,0.46,0.72,0.96,0.62,中上层|中层,7,10,4,,,饵鱼,T尾|米诺|波爬|VIB|铅笔|多节鱼,凶猛肉食性,hunting macrofauna (predator)
recvppgBfXMmcA,icon_placeholder_0001_2D,#N/A,虎纹鸭嘴鲇,Pseudoplatystoma Fasciatum,Tiger Sorubim,26,暖水,24,28,1,0.1,开放水域|沉木|深坑|断层|泥底|入水口,淡水,demersal,夜间活跃,1,0.88,0.42,0.3,0.24,0.38,0.72,0.96,表层|底层,10,4,10,,5,甲壳|饵鱼,T尾|卷尾|软虫|VIB|嘈杂饵,凶猛肉食性,hunting macrofauna (predator)
recvppgBfXiRAK,icon_placeholder_0001_2D,#N/A,金目丽鱼,Cichla Temensis,Speckled Peacock Bass,28,暖水,27,29,0.5,0.1,水草|石头|沉木|断层|湾子|浅滩,淡水,benthopelagic,全天活跃,0.72,0.72,0.82,0.82,0.78,0.82,0.84,0.78,中下层|底层,1,7,10,,,饵鱼,T尾|卷尾|软虫|米诺|VIB,凶猛肉食性,hunting macrofauna (predator)
recvppgBfX7OU9,icon_placeholder_0001_2D,#N/A,茅尖鱼,Crenicichla Lepidota,Pike cichlid,24,,20,28,2,0.1,水草|沉木|湾子|浅滩|芦苇,,,全天活跃,0.72,0.72,0.82,0.82,0.78,0.82,0.84,0.78,中上层|中层,7,10,1,,,,,凶猛肉食性,
recvppgBfXIKua,icon_placeholder_0001_2D,#N/A,针牙脂鲤,Rhaphiodon Vulpinus,Biara,26,,20,32,5,0.1,水草|湾子|泥底|浅滩|芦苇|入水口,淡水,pelagic,晨昏活跃,0.42,0.72,0.95,0.68,0.46,0.72,0.96,0.62,中上层|中层,7,10,4,,,饵鱼,T尾|米诺|波爬|VIB|铅笔|多节鱼,凶猛肉食性,hunting macrofauna (predator)
recvppgBfXP20G,icon_placeholder_0001_2D,fish_northern_pike00,河红马鱼,Moxostoma Carinatum,River Redhorse,15,温水,11,19,8,0.1,深坑|断层|泥底|碎石底|入水口|沙底,淡水,demersal,早晨活跃,0.3,0.72,1,0.78,0.5,0.55,0.48,0.35,底层,1,4,10,,,昆虫|甲壳|鱼饵,T尾|卷尾|软虫|米诺|VIB,温和肉食性,hunting macrofauna (predator)
recvppgBfXa0F7,icon_placeholder_0001_2D,fish_northern_pike00,金红马鱼,Moxostoma Erythrurum,Golden Redhorse,15,温水,11,19,8,0.1,深坑|断层|泥底|碎石底|入水口|沙底,淡水,demersal,早晨活跃,0.3,0.72,1,0.78,0.5,0.55,0.48,0.35,底层,1,4,10,,,种子|昆虫|甲壳|鱼饵|面团|谷物,,温和肉食性,
recvppgBfXlayy,icon_placeholder_0001_2D,fish_northern_pike00,萨克拉门托大斑狗鱼,Ptychocheilus Grandis,Sacramento Pikeminnow,15,温水,11,19,8,0.1,水草|沉木|湾子|浅滩|芦苇,淡水,demersal,早晨活跃,0.3,0.72,1,0.78,0.5,0.55,0.48,0.35,底层,1,4,10,,,昆虫|鱼饵,,凶猛肉食性,
recvppgBfXlWfN,icon_placeholder_0001_2D,fish_northern_pike00,大西洋黄貂鱼,Hypanus Sabinus,Atlantic Stingray,25.5,,19.5,31.5,6,0.1,深坑|湾子|泥底|沙洲|浅滩|沙底,淡水|半咸水|海水,demersal,夜间活跃,1,0.88,0.42,0.3,0.24,0.38,0.72,0.96,表层|底层,10,4,10,25,2,甲壳|鱼饵,T尾|软虫|VIB|多节鱼,温和肉食性,hunting macrofauna (predator)
recvppgBfXdtR2,icon_placeholder_0001_2D,#N/A,单鳍多线鱼,Pleurogrammus Monopterygius,Atka Mackerel,3.7,,2.7,4.7,6,0.1,开放水域|深坑|断层,海水,demersal,全天活跃,0.72,0.72,0.82,0.82,0.78,0.82,0.84,0.78,底层,1,4,10,720,0,种子|甲壳|鱼饵|鱼卵|谷物|饵鱼,T尾|卷尾|软虫|米诺|勺子亮片|VIB,温和肉食性,hunting macrofauna (predator)
recvppgBfXYM2N,icon_placeholder_0001_2D,#N/A,鲤鱼,Cyprinus Carpio,Common Carp,19,广温,3,35,8,0.1,水草|沉木|湾子|泥底|浅滩|芦苇|入水口|沙底,淡水|半咸水,benthopelagic,早晨活跃,0.3,0.72,1,0.78,0.5,0.55,0.48,0.35,中下层|底层,1,7,10,29,0,种子|昆虫|甲壳|鱼饵|鱼卵|面团|谷物|饵鱼,T尾|卷尾|软虫|米诺|VIB,杂食性,hunting macrofauna (predator)
recvppgBfXnDVu,icon_placeholder_0001_2D,#N/A,黄尾鰤,Seriola Lalandi,Yellowtail Amberjack,21,温水,18,24,1.5,0.1,开放水域|尖脊|断层|岩架|暗岛,半咸水|海水,benthopelagic,全天活跃,0.72,0.72,0.82,0.82,0.78,0.82,0.84,0.78,中下层|底层,1,7,10,825,3,甲壳|饵鱼,T尾|软虫|米诺|波爬|VIB|水面拖拉机|铅笔|多节鱼,凶猛肉食性,hunting macrofauna (predator)
recvppgBfXBHiP,icon_placeholder_0001_2D,#N/A,剑旗鱼,Xiphias Gladius,Swordfish,16,广温,5,27,5.5,0.1,开放水域|深坑|断层,海水,pelagic-oceanic,全天活跃,0.72,0.72,0.82,0.82,0.78,0.82,0.84,0.78,中上层|中层,7,10,4,2878,0,甲壳|鱼饵|饵鱼,T尾|米诺|波爬|VIB|水面拖拉机|铅笔|多节鱼,凶猛肉食性,hunting macrofauna (predator)
recvppgBfXSJIc,icon_placeholder_0001_2D,#N/A,巴西马鲛,Scomberomorus Brasiliensis,Serra Spanish Mackerel,27.5,,21.5,33.5,5,0.1,开放水域,海水,reef-associated,全天活跃,0.72,0.72,0.82,0.82,0.78,0.82,0.84,0.78,中下层|底层,1,7,10,,,甲壳|饵鱼,T尾|米诺|波爬|VIB|水面拖拉机|铅笔|多节鱼,凶猛肉食性,hunting macrofauna (predator)
recvppgBfXRQzH,icon_placeholder_0001_2D,#N/A,草鱼,Ctenopharyngodon Idella,Grass Carp,17.5,,0,35,8.75,0.1,水草|深坑|断层|湾子|泥底|浅滩|芦苇|入水口,淡水|半咸水,benthopelagic,早晨活跃,0.3,0.72,1,0.78,0.5,0.55,0.48,0.35,中下层|底层,1,7,10,30,0,种子|面团|谷物,,植食性,browsing on substrate
recvq6YNcImaX7,icon_placeholder_0001_2D,#N/A,双线无须鳕,Merluccius Bilinearis,Silver Hake,4.9,温水,3.9,5.9,8,0.1,开放水域|石头|深坑|断层|岩架|碎石底|暗岛,海水,demersal,全天活跃,0.72,0.72,0.82,0.82,0.78,0.82,0.84,0.78,底层,1,4,10,914,55,甲壳|饵鱼,T尾|卷尾|软虫|米诺|VIB,凶猛肉食性,hunting macrofauna (predator)
recvq6YNcIG4C0,icon_placeholder_0001_2D,#N/A,四白锦鲤,Cyprinus Carpio Var. Shiro Utsuri,Shiro Utsuri Koi,19,温水,3,35,8,0.1,水草|沉木|湾子|泥底|浅滩|芦苇|入水口|沙底,,,早晨活跃,0.3,0.72,1,0.78,0.5,0.55,0.48,0.35,中下层|底层,1,4,10,29,0,种子|昆虫|甲壳|鱼饵|鱼卵|面团|谷物|饵鱼,,杂食性,
recvq6YNcIY1d7,icon_placeholder_0001_2D,#N/A,圆点五色锦鲤,Cyprinus Carpio Var. Goromo,Goromo Koi,19,温水,3,35,8,0.1,水草|沉木|湾子|泥底|浅滩|芦苇|入水口|沙底,,,早晨活跃,0.3,0.72,1,0.78,0.5,0.55,0.48,0.35,中下层|底层,1,4,10,29,0,种子|昆虫|甲壳|鱼饵|鱼卵|面团|谷物|饵鱼,,杂食性,
recvq6YNcI9eWH,icon_placeholder_0001_2D,#N/A,圆鳍鱼,Cyclopterus Lumpus,Lumpfish,7,冷水,3,11,2,0.1,石头|深坑|断层|岩架|崖壁|码头,海水,benthopelagic,全天活跃,0.72,0.72,0.82,0.82,0.78,0.82,0.84,0.78,中下层|底层,1,7,10,868,0,种子|甲壳|鱼饵|鱼卵|谷物|饵鱼,T尾|卷尾|软虫|米诺|VIB,温和肉食性,hunting macrofauna (predator)
recvq6YNcI1Fel,icon_placeholder_0001_2D,#N/A,塞凡湖鳟,Salmo Ischchan,Sevan Trout,15,冷水,11,19,8,0.1,石头|深坑|断层|碎石底|旋涡|入水口|出水口,淡水,demersal,晨昏活跃,0.42,0.72,0.95,0.68,0.46,0.72,0.96,0.62,底层,1,4,10,,,甲壳,软虫|米诺|勺子亮片|旋转亮片|VIB,凶猛肉食性,hunting macrofauna (predator)
recvq6YNcINPp9,icon_placeholder_0001_2D,#N/A,大西洋小鳕,Microgadus Tomcod,Atlantic Tomcod,6.4,冷水,4.4,8.4,8,0.1,开放水域|石头|深坑|断层|岩架|碎石底|暗岛,淡水|半咸水|海水,demersal,全天活跃,0.72,0.72,0.82,0.82,0.78,0.82,0.84,0.78,底层,1,4,10,69,0,甲壳|鱼饵|饵鱼,T尾|卷尾|软虫|米诺|VIB,温和肉食性,hunting macrofauna (predator)
recvq6YNcIsSNZ,icon_placeholder_0001_2D,#N/A,大西洋牙鲆,Paralichthys Dentatus,Summer Flounder,19.1,温水,15.1,23.1,8,0.1,开放水域|深坑|断层|泥底|沙洲|沙底,半咸水|海水,demersal,全天活跃,0.72,0.72,0.82,0.82,0.78,0.82,0.84,0.78,底层,1,4,10,183,10,种子|甲壳|鱼饵|谷物|饵鱼,T尾|卷尾|软虫|米诺|VIB,凶猛肉食性,hunting macrofauna (predator)
recvq6YNcI3Rnh,icon_placeholder_0001_2D,#N/A,大西洋狼鱼,Anarhichas Lupus,Atlantic Wolffish,7.8,温水,5.8,9.8,8,0.1,石头|深坑|断层|岩架|崖壁|暗岛,海水,demersal,全天活跃,0.72,0.72,0.82,0.82,0.78,0.82,0.84,0.78,底层,1,4,10,600,1,甲壳|鱼饵|饵鱼,T尾|卷尾|软虫|米诺|VIB,温和肉食性,hunting macrofauna (predator)
recvq6YNcIVYyc,icon_placeholder_0001_2D,#N/A,大西洋黄盖鲽,Myzopsetta Ferruginea,Yellowtail Flounder,2.6,温水,1.6,3.6,8,0.1,开放水域|深坑|断层|泥底|沙洲|沙底,海水,demersal,全天活跃,0.72,0.72,0.82,0.82,0.78,0.82,0.84,0.78,底层,1,4,10,364,27,甲壳|鱼饵|饵鱼,T尾|卷尾|软虫|米诺|VIB,温和肉食性,hunting macrofauna (predator)
recvq6YNcIR5Mz,icon_placeholder_0001_2D,#N/A,小体鲟,Acipenser Ruthenus,Sterlet,15,温水,11,19,8,0.1,开放水域|深坑|断层|泥底|碎石底|入水口|出水口|沙底,淡水|半咸水,demersal,晨昏活跃,0.42,0.72,0.95,0.68,0.46,0.72,0.96,0.62,表层|底层,10,4,10,,1,昆虫|鱼饵|鱼卵,,温和肉食性,variable
recvq6YNcIPlSr,icon_placeholder_0001_2D,#N/A,常见拟鲤,Rutilus Rutilus,Common Roach,15,温水,10,20,2.5,0.1,水草|湾子|泥底|浅滩|芦苇|入水口,淡水|半咸水,benthopelagic,早晨活跃,0.3,0.72,1,0.78,0.5,0.55,0.48,0.35,中下层|底层,1,7,10,,15,种子|昆虫|甲壳|鱼饵|面团|谷物,T尾|卷尾|软虫|米诺|VIB,杂食性,hunting macrofauna (predator)
recvq6YNcIW2TT,icon_placeholder_0001_2D,#N/A,常见鮈鱼,Gobio Gobio,Common Gudgeon,10,冷水,2,18,4,0.1,开放水域|深坑|湾子|泥底,淡水|半咸水,benthopelagic,全天活跃,0.72,0.72,0.82,0.82,0.78,0.82,0.84,0.78,中下层|底层,1,7,10,,,种子|昆虫|甲壳|鱼饵|谷物,,温和肉食性,hunting macrofauna (predator)
recvq6YNcITwbq,icon_placeholder_0001_2D,#N/A,无鳞鲤,Cyprinus Carpio Var. Nudus,Leather Carp,19,广温,3,35,8,0.1,水草|沉木|湾子|泥底|浅滩|芦苇|入水口|沙底,淡水|半咸水,benthopelagic,早晨活跃,0.3,0.72,1,0.78,0.5,0.55,0.48,0.35,中下层|底层,1,7,10,29,0,种子|昆虫|甲壳|鱼饵|鱼卵|面团|谷物|饵鱼,,杂食性,hunting macrofauna (predator)
recvq6YNcIN5vB,icon_placeholder_0001_2D,#N/A,棘背钝头鳐,Amblyraja Radiata,Thorny Skate,6.35,冷水,-1.3,14,3.83,0.1,深坑|断层|泥底|沙底,半咸水|海水,demersal,夜间活跃,1,0.88,0.42,0.3,0.24,0.38,0.72,0.96,底层,1,4,10,1540,5,种子|甲壳|鱼饵|谷物|饵鱼,T尾|卷尾|软虫|米诺|VIB,温和肉食性,hunting macrofauna (predator)
recvq6YNcIwE4Z,icon_placeholder_0001_2D,#N/A,橙黄金锦鲤,Cyprinus Carpio Var. Ogon,Ogon Koi,19,温水,3,35,8,0.1,水草|沉木|湾子|泥底|浅滩|芦苇|入水口|沙底,,,早晨活跃,0.3,0.72,1,0.78,0.5,0.55,0.48,0.35,中下层|底层,1,4,10,29,0,种子|昆虫|甲壳|鱼饵|鱼卵|面团|谷物|饵鱼,,杂食性,
recvq6YNcIh2bC,icon_placeholder_0001_2D,#N/A,欧白鲑,Coregonus Albula,Vendace,2.6,温水,1.6,3.6,8,0.1,开放水域|石头|深坑|断层|碎石底|旋涡|入水口|出水口,淡水|半咸水|海水,benthopelagic,晨昏活跃,0.42,0.72,0.95,0.68,0.46,0.72,0.96,0.62,中下层|底层,1,7,10,,30,昆虫|甲壳|鱼卵,软虫|米诺|勺子亮片|旋转亮片|VIB,滤食性,selective plankton feeding
recvq6YNcIDhdP,icon_placeholder_0001_2D,#N/A,湖拟鲤,Rutilus Rutilus,Roach,15,温水,10,20,2.5,0.1,水草|湾子|泥底|浅滩|芦苇|入水口,淡水|半咸水,benthopelagic,早晨活跃,0.3,0.72,1,0.78,0.5,0.55,0.48,0.35,中下层|底层,1,7,10,,15,种子|昆虫|甲壳|鱼饵|面团|谷物,T尾|卷尾|软虫|米诺|VIB,杂食性,hunting macrofauna (predator)
recvq6YNcIDFIR,icon_placeholder_0001_2D,#N/A,白化草鱼,Ctenopharyngodon Idella Var. Albino,Albino Grass Carp,17.5,温水,0,35,8.75,0.1,水草|湾子|泥底|浅滩|芦苇|入水口,,,早晨活跃,0.3,0.72,1,0.78,0.5,0.55,0.48,0.35,中下层|底层,1,4,10,30,0,种子|面团|谷物,,植食性,
recvq6YNcInhR0,icon_placeholder_0001_2D,#N/A,白北鲑,Stenodus Leucichthys,Whitefish,8,温水,6,10,6,0.1,开放水域|石头|深坑|断层|碎石底|入水口,淡水|半咸水|海水,demersal,晨昏活跃,0.42,0.72,0.95,0.68,0.46,0.72,0.96,0.62,底层,1,4,10,30,10,昆虫|甲壳|饵鱼,软虫|米诺|勺子亮片|旋转亮片|VIB,凶猛肉食性,hunting macrofauna (predator)
recvq6YNcIPNI7,icon_placeholder_0001_2D,#N/A,白斑角鲨,Squalus Acanthias,Spiny Dogfish,11,冷水,7,15,2,0.1,开放水域|尖脊|断层|崖壁|入水口|暗岛,半咸水|海水,bathydemersal,全天活跃,0.72,0.72,0.82,0.82,0.78,0.82,0.84,0.78,底层,1,4,10,1978,0,昆虫|甲壳|鱼饵|鱼卵|饵鱼,T尾|卷尾|软虫|米诺|VIB,凶猛肉食性,hunting macrofauna (predator)
recvq6YNcIg9E8,icon_placeholder_0001_2D,#N/A,红白锦鲤,Cyprinus Carpio Var. Kohaku,Kohaku Koi,19,温水,3,35,8,0.1,水草|沉木|湾子|泥底|浅滩|芦苇|入水口|沙底,,,早晨活跃,0.3,0.72,1,0.78,0.5,0.55,0.48,0.35,中下层|底层,1,4,10,29,0,种子|昆虫|甲壳|鱼饵|鱼卵|面团|谷物|饵鱼,,杂食性,
recvq6YNcIVVJ6,icon_placeholder_0001_2D,#N/A,美洲拟鲽,Pseudopleuronectes Americanus,Winter Flounder,6.1,温水,4.1,8.1,8,0.1,开放水域|深坑|断层|泥底|沙洲|沙底,海水,demersal,全天活跃,0.72,0.72,0.82,0.82,0.78,0.82,0.84,0.78,底层,1,4,10,143,5,种子|甲壳|鱼饵|谷物,T尾|卷尾|软虫|米诺|VIB,温和肉食性,hunting macrofauna (predator)
recvq6YNcIFUlE,icon_placeholder_0001_2D,#N/A,花鮨,Anthias Anthias,Grouper,19,温水,16,22,1.5,0.1,石头|深坑|断层|岩架|崖壁|暗岛,海水,reef-associated,全天活跃,0.72,0.72,0.82,0.82,0.78,0.82,0.84,0.78,中下层|底层,1,7,10,358,30,甲壳|鱼饵|饵鱼,T尾|卷尾|软虫|米诺|VIB,温和肉食性,
recvq6YNcIyMiO,icon_placeholder_0001_2D,#N/A,葛氏鲈塘鳢,Perccottus Glenii,Chinese Sleeper,22.5,温水,15,30,3.75,0.1,水草|沉木|深坑|湾子|泥底|浅滩|芦苇,淡水|半咸水,demersal,全天活跃,0.72,0.72,0.82,0.82,0.78,0.82,0.84,0.78,底层,1,4,10,,,昆虫|甲壳|鱼饵|饵鱼,T尾|卷尾|软虫|米诺|勺子亮片|VIB,凶猛肉食性,hunting macrofauna (predator)
recvq6YNcIRQxj,icon_placeholder_0001_2D,#N/A,赤梢鱼,Perca Fluviatilis,Redfin Perch,16,温水,10,22,3,0.1,石头|深坑|断层|岩架|碎石底|暗岛,淡水|半咸水,demersal,晨昏活跃,0.42,0.72,0.95,0.68,0.46,0.72,0.96,0.62,表层|底层,10,4,10,30,1,昆虫|甲壳|鱼饵|鱼卵|饵鱼,T尾|卷尾|软虫|米诺|勺子亮片|VIB,凶猛肉食性,hunting macrofauna (predator)
recvq6YNcI7b6Z,icon_placeholder_0001_2D,#N/A,镜鲤(白化),Cyprinus Carpio Var. Specularis Albino,Albino Mirror Carp,19,温水,3,35,8,0.1,水草|沉木|湾子|泥底|浅滩|芦苇|入水口|沙底,,,早晨活跃,0.3,0.72,1,0.78,0.5,0.55,0.48,0.35,中下层|底层,1,4,10,29,0,种子|昆虫|甲壳|鱼饵|鱼卵|面团|谷物|饵鱼,,杂食性,
recvq6YNcIYa1y,icon_placeholder_0001_2D,#N/A,闪光鲟,Acipenser Stellatus,Stellate Sturgeon,15,温水,10,20,2.5,0.1,开放水域|深坑|断层|泥底|碎石底|入水口|出水口|沙底,淡水|半咸水|海水,demersal,晨昏活跃,0.42,0.72,0.95,0.68,0.46,0.72,0.96,0.62,底层,1,4,10,100,10,甲壳|鱼饵|饵鱼,,温和肉食性,hunting macrofauna (predator)
recvq6YNcI6pwQ,icon_placeholder_0001_2D,#N/A,驼背白鲑,Coregonus Pidschian,Humpback Whitefish,2,冷水,1,3,4,0.1,开放水域|石头|深坑|断层|碎石底|入水口,淡水|半咸水|海水,demersal,晨昏活跃,0.42,0.72,0.95,0.68,0.46,0.72,0.96,0.62,底层,1,4,10,,,昆虫|甲壳|鱼饵,软虫|米诺|勺子亮片|旋转亮片|VIB,温和肉食性,hunting macrofauna (predator)
recvq6YNcISGAE,icon_placeholder_0001_2D,#N/A,高白鲑,Coregonus Peled,Peled,2,温水,1,3,4,0.1,开放水域|石头|深坑|断层|碎石底|旋涡|入水口|出水口,淡水|半咸水|海水,demersal,晨昏活跃,0.42,0.72,0.95,0.68,0.46,0.72,0.96,0.62,表层|底层,10,4,10,11,5,甲壳|鱼卵|饵鱼,软虫|米诺|勺子亮片|旋转亮片|VIB,滤食性,hunting macrofauna (predator)
recvq6YNcI6W57,icon_placeholder_0001_2D,#N/A,鳞鲤(人面鲤),Cyprinus Carpio Var. Human Face,Human Face Scale Carp,19,温水,3,35,8,0.1,水草|沉木|湾子|泥底|浅滩|芦苇|入水口|沙底,,,早晨活跃,0.3,0.72,1,0.78,0.5,0.55,0.48,0.35,中下层|底层,1,4,10,29,0,种子|昆虫|甲壳|鱼饵|鱼卵|面团|谷物|饵鱼,,杂食性,
recvq6YNcIcoaF,icon_placeholder_0001_2D,#N/A,鳞鲤(白化),Cyprinus Carpio Var. Albino,Albino Scale Carp,19,温水,3,35,8,0.1,水草|沉木|湾子|泥底|浅滩|芦苇|入水口|沙底,,,早晨活跃,0.3,0.72,1,0.78,0.5,0.55,0.48,0.35,中下层|底层,1,4,10,29,0,种子|昆虫|甲壳|鱼饵|鱼卵|面团|谷物|饵鱼,,杂食性,
recvq6YNcIQCn3,icon_placeholder_0001_2D,#N/A,黑口红点鲑,Salvelinus Confluentus,Blackmouth Salmon,15,冷水,11,19,8,0.1,开放水域|石头|深坑|断层|碎石底|入水口,淡水|半咸水,benthopelagic,晨昏活跃,0.42,0.72,0.95,0.68,0.46,0.72,0.96,0.62,中下层|底层,1,7,10,,,昆虫|甲壳|鱼饵|饵鱼,软虫|米诺|勺子亮片|旋转亮片|VIB,凶猛肉食性,
recvq6YNcIUhsG,icon_placeholder_0001_2D,#N/A,大西洋大比目鱼,Hippoglossus Hippoglossus,Atlantic Halibut,3.4,温水,2.4,4.4,8,0.1,开放水域|深坑|断层|泥底|沙洲|沙底,海水,demersal,全天活跃,0.72,0.72,0.82,0.82,0.78,0.82,0.84,0.78,底层,1,4,10,2000,50,甲壳|鱼饵|饵鱼,T尾|卷尾|软虫|米诺|VIB,凶猛肉食性,hunting macrofauna (predator)
recvq6YNcIxqFV,icon_placeholder_0001_2D,#N/A,大西洋鲱鱼,Clupea Harengus,Atlantic Herringy,9.5,冷水,1,18,4.25,0.1,开放水域|深坑|断层,半咸水|海水,benthopelagic,全天活跃,0.72,0.72,0.82,0.82,0.78,0.82,0.84,0.78,中下层|底层,1,7,10,364,0,种子|甲壳|鱼饵|鱼卵|谷物|肉饵|饵鱼|内脏,T尾|卷尾|软虫|米诺|VIB,滤食性,selective plankton feeding
recvq6YNcI7jPP,icon_placeholder_0001_2D,#N/A,大西洋鳕鱼,Gadus Morhua,Atlantic Cod,7.5,冷水,0,15,3.75,0.1,开放水域|石头|深坑|断层|岩架|碎石底|暗岛,半咸水|海水,benthopelagic,全天活跃,0.72,0.72,0.82,0.82,0.78,0.82,0.84,0.78,中下层|底层,1,7,10,600,0,种子|昆虫|甲壳|鱼饵|鱼卵|谷物|肉饵|饵鱼|内脏,T尾|卷尾|软虫|米诺|VIB,凶猛肉食性,hunting macrofauna (predator)
recvq6YNcI0x5F,icon_placeholder_0001_2D,#N/A,女巫鲽,Glyptocephalus Cynoglossus,Witch Flounder,4,冷水,2,6,1,0.1,开放水域|深坑|断层|泥底|沙洲|沙底,海水,demersal,全天活跃,0.72,0.72,0.82,0.82,0.78,0.82,0.84,0.78,底层,1,4,10,1570,18,甲壳|鱼饵|饵鱼,T尾|卷尾|软虫|米诺|VIB,温和肉食性,hunting macrofauna (predator)
recvq6YNcIzusj,icon_placeholder_0001_2D,#N/A,彩虹镖鲈,Etheostoma Caeruleum,Rainbow Darter,11,冷水,4,18,3.5,0.1,石头|深坑|断层|岩架|碎石底|暗岛,淡水,benthopelagic,晨昏活跃,0.42,0.72,0.95,0.68,0.46,0.72,0.96,0.62,中下层|底层,1,7,10,,,昆虫|甲壳|鱼饵|鱼卵,T尾|卷尾|软虫|米诺|勺子亮片|VIB,温和肉食性,hunting macrofauna (predator)
recvq6YNcIsFRn,icon_placeholder_0001_2D,#N/A,欧鲢,Squalius Cephalus,Common Chub,12,冷水,4,20,4,0.1,开放水域|石头|湾子|碎石底|浅滩|入水口,淡水|半咸水,benthopelagic,早晨活跃,0.3,0.72,1,0.78,0.5,0.55,0.48,0.35,中下层|底层,1,7,10,,0,种子|昆虫|甲壳|鱼饵|面团|谷物|饵鱼,T尾|卷尾|软虫|米诺|VIB,杂食性,variable
recvq6YNcI6qP9,icon_placeholder_0001_2D,#N/A,毛鳞鱼,Mallotus Villosus,Capelin,2.7,冷水,1.7,3.7,4,0.1,开放水域|石头|深坑|断层|岩架|碎石底|暗岛,淡水|半咸水|海水,pelagic-oceanic,全天活跃,0.72,0.72,0.82,0.82,0.78,0.82,0.84,0.78,中上层|中层,7,10,4,725,0,甲壳|鱼饵|饵鱼,T尾|卷尾|软虫|米诺|VIB,滤食性,selective plankton feeding
recvq6YNcIURTm,icon_placeholder_0001_2D,#N/A,海七鳃鳗,Petromyzon Marinus,Petromyzon Marinus,10.3,广温,0.6,20,4.85,0.1,石头|沉木|深坑|湾子|泥底|碎石底|入水口|出水口,淡水|半咸水|海水,demersal,夜间活跃,1,0.88,0.42,0.3,0.24,0.38,0.72,0.96,底层,1,4,10,4099,1,种子|甲壳|鱼饵|谷物|饵鱼,,凶猛肉食性,hunting macrofauna (predator)
recvq6YNcI2VjG,icon_placeholder_0001_2D,#N/A,湖红点鲑,Salvelinus Namaycush,Lake Trout,8.5,冷水,4,13,2.25,0.1,开放水域|石头|深坑|断层|碎石底|入水口,淡水,benthopelagic,晨昏活跃,0.42,0.72,0.95,0.68,0.46,0.72,0.96,0.62,表层|中下层|底层,10,7,10,61,3,种子|昆虫|甲壳|鱼饵|谷物|肉饵|饵鱼|内脏,软虫|米诺|勺子亮片|旋转亮片|VIB,凶猛肉食性,hunting macrofauna (predator)
recvq6YNcIyeHV,icon_placeholder_0001_2D,#N/A,牛头鲦,Pimephales Vigilax,Bullhead Minnow,22,温水,17,27,6,0.1,开放水域|石头|湾子|碎石底|浅滩|入水口,淡水,demersal,早晨活跃,0.3,0.72,1,0.78,0.5,0.55,0.48,0.35,底层,1,4,10,,,昆虫|鱼饵,,杂食性,
recvq6YNcIQa4t,icon_placeholder_0001_2D,#N/A,绿青鳕,Pollachius Virens,Pollachius Virens,7,温水,5,9,8,0.1,开放水域|石头|深坑|断层|岩架|碎石底|暗岛,海水,demersal,全天活跃,0.72,0.72,0.82,0.82,0.78,0.82,0.84,0.78,底层,1,4,10,364,37,种子|昆虫|甲壳|鱼饵|鱼卵|谷物|饵鱼,T尾|卷尾|软虫|米诺|VIB,凶猛肉食性,hunting macrofauna (predator)
recvq6YNcIAedj,icon_placeholder_0001_2D,#N/A,虎纹梭鱼,E. Lucius × E. Masquinongy,Tiger Muskellunge,17,温水,10,24,3.5,0.1,开放水域|水草|沉木|深坑|断层|湾子|浅滩|芦苇,,,早晨活跃,0.3,0.72,1,0.78,0.5,0.55,0.48,0.35,中上层|中层,7,10,4,,,种子|昆虫|甲壳|鱼饵|面团|谷物,T尾|卷尾|软虫|米诺|VIB,凶猛肉食性,
recvq6YNcIxdGw,icon_placeholder_0001_2D,#N/A,虎纹鳟鱼,Salmo Trutta × Salvelinus Fontinalis,Tiger Trout,21,暖水,18,24,1.5,0.1,开放水域|石头|深坑|断层|碎石底|旋涡|入水口|出水口,海水,reef-associated,晨昏活跃,0.42,0.72,0.95,0.68,0.46,0.72,0.96,0.62,表层|中下层|底层,10,7,10,100,4,甲壳|饵鱼,T尾|卷尾|软虫|虾管|米诺|勺子亮片|VIB,凶猛肉食性,hunting macrofauna (predator)
recvq6YNcIViHN,icon_placeholder_0001_2D,#N/A,赤稍雅罗鱼,Leuciscus Aspius,Asp,12,冷水,4,20,4,0.1,开放水域|石头|湾子|碎石底|浅滩|入水口,淡水|半咸水,benthopelagic,早晨活跃,0.3,0.72,1,0.78,0.5,0.55,0.48,0.35,中下层|底层,1,7,10,,10,甲壳|肉饵|饵鱼|内脏,T尾|卷尾|软虫|米诺|VIB,凶猛肉食性,hunting macrofauna (predator)
recvq6YNcI6UhU,icon_placeholder_0001_2D,#N/A,金眼鱼,Hiodon Alosoides,Goldeye,15,温水,11,19,8,0.1,开放水域,淡水,pelagic,夜间活跃,1,0.88,0.42,0.3,0.24,0.38,0.72,0.96,中上层|中层,7,10,4,,,昆虫|甲壳|鱼饵|肉饵|饵鱼|内脏,T尾|卷尾|软虫|米诺|VIB,温和肉食性,
recvq6YNcI0jrY,icon_placeholder_0001_2D,#N/A,金鲫,Carassius Carassius,Crucian Carp,12,广温,2,22,5,0.1,水草|湾子|泥底|浅滩|芦苇|入水口,淡水|半咸水,demersal,早晨活跃,0.3,0.72,1,0.78,0.5,0.55,0.48,0.35,表层|底层,10,4,10,20,5,昆虫|甲壳|鱼饵,,杂食性,hunting macrofauna (predator)
recvq6YNcI5zDu,icon_placeholder_0001_2D,#N/A,银鲫,Carassius Gibelio,Prussian Carp,15,温水,10,20,2.5,0.1,水草|湾子|泥底|浅滩|芦苇|入水口,淡水|半咸水,benthopelagic,早晨活跃,0.3,0.72,1,0.78,0.5,0.55,0.48,0.35,中下层|底层,1,7,10,,0,种子|面团|谷物,,植食性,grazing on aquatic plants
recvq6YNcItX2T,icon_placeholder_0001_2D,#N/A,黑线鳕,Melanogrammus Aeglefinus,Haddock,8.4,冷水,6.4,10.4,8,0.1,开放水域|石头|深坑|断层|岩架|碎石底|暗岛,海水,demersal,全天活跃,0.72,0.72,0.82,0.82,0.78,0.82,0.84,0.78,底层,1,4,10,450,10,种子|昆虫|甲壳|鱼饵|鱼卵|谷物|饵鱼,T尾|卷尾|软虫|米诺|VIB,温和肉食性,hunting macrofauna (predator)
recvq6YNcIGHfu,icon_placeholder_0001_2D,#N/A,黑鼓鱼,Pogonias Cromis,Black Drum,23.5,温水,18.5,28.5,6,0.1,深坑|断层|湾子|泥底|码头|入水口|沙底,半咸水|海水,demersal,晨昏活跃,0.42,0.72,0.95,0.68,0.46,0.72,0.96,0.62,底层,1,4,10,,10,甲壳|鱼饵|饵鱼,T尾|卷尾|软虫|虾管|米诺|勺子亮片|VIB,温和肉食性,hunting macrofauna (predator)
recvq6YNcIUKhd,icon_placeholder_0001_2D,#N/A,鼠鲨,Lamna Nasus,Porbeagle,11,温水,-1,23,6,0.1,开放水域|尖脊|断层|崖壁|入水口|暗岛,海水,pelagic-oceanic,全天活跃,0.72,0.72,0.82,0.82,0.78,0.82,0.84,0.78,中上层|中层,7,10,4,1360,0,甲壳|鱼饵|饵鱼,T尾|卷尾|软虫|米诺|VIB,凶猛肉食性,hunting macrofauna (predator)
recvq6YNcIs3Nd,icon_placeholder_0001_2D,#N/A,白条鱼,Hemiculter Leucisculus,Sharpbelly,20,温水,18,22,1,0.1,开放水域|石头|湾子|碎石底|浅滩|入水口,淡水|半咸水,benthopelagic,早晨活跃,0.3,0.72,1,0.78,0.5,0.55,0.48,0.35,中下层|底层,1,7,10,10,0,种子|昆虫|甲壳|面团|谷物,,杂食性,variable
recvq6YNcIpdRI,icon_placeholder_0001_2D,#N/A,中华倒刺鲃,Spinibarbus Sinensis,Spinibarbus Sinensis,22,温水,17,27,6,0.1,石头|深坑|碎石底|浅滩|入水口|沙底,淡水,benthopelagic,早晨活跃,0.3,0.72,1,0.78,0.5,0.55,0.48,0.35,中下层|底层,1,7,10,,,种子|昆虫|面团|谷物,,杂食性,variable
recvq6YNcIwdwg,icon_placeholder_0001_2D,#N/A,俄罗斯鲟,Acipenser Gueldenstaedtii,Russian Sturgeon,15,温水,10,20,2.5,0.1,开放水域|深坑|断层|泥底|碎石底|入水口|出水口|沙底,淡水|半咸水|海水,demersal,晨昏活跃,0.42,0.72,0.95,0.68,0.46,0.72,0.96,0.62,表层|底层,10,4,10,100,2,甲壳|鱼饵|饵鱼,,温和肉食性,hunting macrofauna (predator)
recvq6YNcIPWKl,icon_placeholder_0001_2D,#N/A,光倒刺鲃,Spinibarbus Hollandi,Spinibarbus Hollandi,22,温水,17,27,6,0.1,石头|深坑|碎石底|浅滩|入水口|沙底,淡水,benthopelagic,早晨活跃,0.3,0.72,1,0.78,0.5,0.55,0.48,0.35,表层|中下层|底层,10,7,10,30,2,昆虫|甲壳|饵鱼,T尾|卷尾|软虫|米诺|VIB,杂食性,
recvq6YNcI2GbT,icon_placeholder_0001_2D,#N/A,六须鲶,Silurus Soldatovi,Soldatov's Catfish,15,广温,5,25,5,0.1,沉木|深坑|断层|湾子|泥底|入水口,淡水,demersal,夜间活跃,1,0.88,0.42,0.3,0.24,0.38,0.72,0.96,底层,1,4,10,,,饵鱼,T尾|卷尾|软虫|VIB|嘈杂饵,凶猛肉食性,
recvq6YNcIrLRm,icon_placeholder_0001_2D,#N/A,准白甲鱼,"Onychostoma simum (Sauvage & Dabry de Thiersant, 1874)",Onychostoma Simum,22,温水,17,27,6,0.1,石头|深坑|碎石底|浅滩|入水口|沙底,,,早晨活跃,0.3,0.72,1,0.78,0.5,0.55,0.48,0.35,底层,1,4,10,,,鱼饵|饵鱼,,植食性,
recvq6YNcIULip,icon_placeholder_0001_2D,#N/A,印度鲮,Cirrhinus Mrigala,Mrigal Carp,26,温水,20,32,5,0.1,水草|湾子|泥底|浅滩|芦苇|入水口,淡水,demersal,早晨活跃,0.3,0.72,1,0.78,0.5,0.55,0.48,0.35,底层,1,4,10,,,昆虫|鱼饵,,腐食性,
recvq6YNcINYhI,icon_placeholder_0001_2D,#N/A,哲罗鲑,Hucho Taimen,Siberian Taimen,15,温水,11,19,8,0.1,石头|深坑|断层|碎石底|旋涡|入水口|出水口,淡水|半咸水,benthopelagic,晨昏活跃,0.42,0.72,0.95,0.68,0.46,0.72,0.96,0.62,中下层|底层,1,7,10,,,肉饵|饵鱼|内脏,软虫|米诺|勺子亮片|旋转亮片|VIB,凶猛肉食性,hunting macrofauna (predator)
recvq6YNcIoRCW,icon_placeholder_0001_2D,#N/A,唇䱻,Hemibarbus Labeo,Hemibarbus Labeo,15,温水,11,19,8,0.1,石头|深坑|碎石底|浅滩|入水口|沙底,淡水,benthopelagic,全天活跃,0.72,0.72,0.82,0.82,0.78,0.82,0.84,0.78,表层|中下层|底层,10,7,10,20,5,鱼饵,,温和肉食性,
recvq6YNcIHywe,icon_placeholder_0001_2D,#N/A,团头鲂,Megalobrama Amblycephala,Wuchang Bream,15,温水,10,20,2.5,0.1,开放水域|水草|湾子|泥底|浅滩|芦苇,淡水,benthopelagic,早晨活跃,0.3,0.72,1,0.78,0.5,0.55,0.48,0.35,表层|中下层|底层,10,7,10,20,5,昆虫|鱼饵,,植食性,
recvq6YNcIYYRG,icon_placeholder_0001_2D,#N/A,圆吻鲴,Distoechodon Tumirostris,Distoechodon Tumirostris,22,温水,17,27,6,0.1,开放水域|石头|湾子|碎石底|浅滩|入水口,淡水,benthopelagic,早晨活跃,0.3,0.72,1,0.78,0.5,0.55,0.48,0.35,中下层|底层,1,7,10,20,10,昆虫|鱼饵,,腐食性,
recvq6YNcIciHF,icon_placeholder_0001_2D,#N/A,圆腹雅罗鱼,Leuciscus Idus,Ide,12,冷水,4,20,4,0.1,开放水域|石头|湾子|碎石底|浅滩|入水口,淡水|半咸水,benthopelagic,早晨活跃,0.3,0.72,1,0.78,0.5,0.55,0.48,0.35,中下层|底层,1,7,10,,15,昆虫|甲壳|鱼饵|饵鱼,T尾|卷尾|软虫|米诺|VIB,温和肉食性,variable
recvq6YNcIn0wK,icon_placeholder_0001_2D,#N/A,土鲶,Silurus Asotus,Amur Catfish,15,广温,5,25,5,0.1,沉木|深坑|断层|湾子|泥底|入水口,淡水,demersal,夜间活跃,1,0.88,0.42,0.3,0.24,0.38,0.72,0.96,底层,1,4,10,,,饵鱼,T尾|卷尾|软虫|VIB|嘈杂饵,凶猛肉食性,hunting macrofauna (predator)
recvq6YNcIlC4j,icon_placeholder_0001_2D,#N/A,大口鲶,Silurus Meridionalis,Chinese Largemouth Catfish,22,温水,17,27,6,0.1,沉木|深坑|断层|湾子|泥底|入水口,淡水,demersal,夜间活跃,1,0.88,0.42,0.3,0.24,0.38,0.72,0.96,底层,1,4,10,,,鱼饵,T尾|卷尾|软虫|VIB|嘈杂饵,凶猛肉食性,
recvq6YNcIeP9O,icon_placeholder_0001_2D,#N/A,大青鲨,Pangasius Sanitwongsei,Paroon Shark,26,暖水,20,32,5,0.1,开放水域|沉木|深坑|断层|泥底|入水口,淡水,benthopelagic,全天活跃,0.72,0.72,0.82,0.82,0.78,0.82,0.84,0.78,中下层|底层,1,7,10,,,甲壳|饵鱼,T尾|卷尾|软虫|米诺|VIB,凶猛肉食性,hunting macrofauna (predator)
recvq6YNcIOtJO,icon_placeholder_0001_2D,#N/A,大鳍𫚪,Acheilognathus Macropterus,Largefin Bitterling,20,温水,15,25,2.5,0.1,开放水域|水草|湾子|泥底|浅滩|芦苇,淡水|半咸水,benthopelagic,全天活跃,0.72,0.72,0.82,0.82,0.78,0.82,0.84,0.78,中下层|底层,1,7,10,,,鱼饵,,杂食性,
recvq6YNcIw1iu,icon_placeholder_0001_2D,#N/A,大鳞鲃,Luciobarbus Capito,Bulatmai Barbel,15,温水,11,19,8,0.1,开放水域|深坑|湾子|泥底,淡水|半咸水,benthopelagic,早晨活跃,0.3,0.72,1,0.78,0.5,0.55,0.48,0.35,中下层|底层,1,7,10,,,种子|鱼饵|面团|谷物|饵鱼,T尾|卷尾|软虫|米诺|VIB,杂食性,
recvq6YNcIZ7Ch,icon_placeholder_0001_2D,#N/A,宝石鲈,Scortum Barcoo,Jade Perch,20,广温,10,30,5,0.1,石头|深坑|断层|岩架|碎石底|暗岛,淡水,benthopelagic,全天活跃,0.72,0.72,0.82,0.82,0.78,0.82,0.84,0.78,中下层|底层,1,7,10,,,鱼饵,,杂食性,
recvq6YNcIkbkA,icon_placeholder_0001_2D,#N/A,宽鳍𫚭,Zacco Platypus,Pale Chub,16,温水,10,22,3,0.1,开放水域|石头|湾子|碎石底|浅滩|入水口,淡水,benthopelagic,早晨活跃,0.3,0.72,1,0.78,0.5,0.55,0.48,0.35,中下层|底层,1,7,10,,,种子|甲壳|面团|谷物|饵鱼,T尾|卷尾|软虫|米诺|VIB,杂食性,variable
recvq6YNcIw0FK,icon_placeholder_0001_2D,#N/A,工程鲫,Carassius Auratus (triploid),Hybrid Crucian Carp,20.5,温水,0,41,10.25,0.1,水草|湾子|泥底|浅滩|芦苇|入水口,,,早晨活跃,0.3,0.72,1,0.78,0.5,0.55,0.48,0.35,底层,1,4,10,20,0,种子|昆虫|甲壳|鱼饵|面团|谷物,,杂食性,
recvq6YNcItRD3,icon_placeholder_0001_2D,#N/A,巨型巴沙,Pangasius Bocourti,Basa Fish,26,暖水,20,32,5,0.1,开放水域|沉木|深坑|断层|泥底|入水口,淡水,benthopelagic,全天活跃,0.72,0.72,0.82,0.82,0.78,0.82,0.84,0.78,中下层|底层,1,7,10,,,种子|昆虫|甲壳|鱼饵|谷物|饵鱼,T尾|卷尾|软虫|米诺|VIB,杂食性,
recvq6YNcIZjdG,icon_placeholder_0001_2D,#N/A,巴西鲷,Prochilodus Lineatus,Streaked Prochilod,22,温水,17,27,6,0.1,开放水域|深坑|湾子|泥底|碎石底|入水口|沙底,淡水,benthopelagic,全天活跃,0.72,0.72,0.82,0.82,0.78,0.82,0.84,0.78,表层|中下层|底层,10,7,10,,5,种子|昆虫|鱼饵|谷物,,腐食性,grazing on aquatic plants
recvq6YNcI7lOw,icon_placeholder_0001_2D,#N/A,广东鲂,Megalobrama Terminalis,Guangdong Bream,17,温水,10,24,3.5,0.1,开放水域|水草|湾子|泥底|浅滩|芦苇,淡水,benthopelagic,早晨活跃,0.3,0.72,1,0.78,0.5,0.55,0.48,0.35,中下层|底层,1,7,10,,,昆虫|鱼饵,,植食性,
recvq6YNcILFwW,icon_placeholder_0001_2D,#N/A,斑鳜,Siniperca Scherzeri,Spotted Mandarin Fish,15,温水,11,19,8,0.1,水草|石头|沉木|断层|湾子|碎石底|浅滩|入水口,淡水|半咸水,benthopelagic,全天活跃,0.72,0.72,0.82,0.82,0.78,0.82,0.84,0.78,中下层|底层,1,7,10,,,甲壳,T尾|卷尾|软虫|米诺|勺子亮片|VIB,凶猛肉食性,
recvq6YNcIWisp,icon_placeholder_0001_2D,#N/A,暹罗巨鲤,Catlocarpio Siamensis,Giant Barb,26,温水,20,32,5,0.1,水草|湾子|泥底|浅滩|芦苇|入水口,淡水,benthopelagic,早晨活跃,0.3,0.72,1,0.78,0.5,0.55,0.48,0.35,中下层|底层,1,7,10,,,种子|甲壳|面团|谷物|饵鱼,,植食性,variable
recvq6YNcIVZWx,icon_placeholder_0001_2D,#N/A,杂交鲟,Acipenser Schrenckii X Huso Dauricus,Hybrid Sturgeon,15,温水,10,20,2.5,0.1,深坑|断层|泥底|碎石底|入水口|出水口|沙底,,,晨昏活跃,0.42,0.72,0.95,0.68,0.46,0.72,0.96,0.62,底层,1,4,10,,,昆虫|鱼饵|鱼卵,,温和肉食性,
recvq6YNcIMyMX,icon_placeholder_0001_2D,#N/A,柳根鱼,Rhynchocypris Lagowskii,Amur Minnow,18,温水,16,20,1,0.1,开放水域|石头|湾子|碎石底|浅滩|入水口,淡水,benthopelagic,早晨活跃,0.3,0.72,1,0.78,0.5,0.55,0.48,0.35,中下层|底层,1,7,10,,,昆虫|鱼饵,,杂食性,
recvq6YNcI44ye,icon_placeholder_0001_2D,#N/A,欧洲巨鲶,Silurus Glanis,Wels Catfish,12,冷水,4,20,4,0.1,沉木|深坑|断层|湾子|泥底|入水口,淡水|半咸水,benthopelagic,夜间活跃,1,0.88,0.42,0.3,0.24,0.38,0.72,0.96,中下层|底层,1,7,10,30,0,昆虫|甲壳|鱼饵|鱼卵|肉饵|饵鱼|内脏,T尾|卷尾|软虫|VIB|嘈杂饵,凶猛肉食性,hunting macrofauna (predator)
recvq6YNcIOZP9,icon_placeholder_0001_2D,#N/A,江黄颡,Tachysurus Vachellii,Darkbarbel Catfish,22,温水,17,27,6,0.1,水草|沉木|深坑|湾子|泥底|碎石底|浅滩|芦苇|入水口,淡水,demersal,全天活跃,0.72,0.72,0.82,0.82,0.78,0.82,0.84,0.78,底层,1,4,10,,,鱼饵,T尾|卷尾|软虫|VIB|嘈杂饵,温和肉食性,
recvq6YNcI8WeG,icon_placeholder_0001_2D,#N/A,沙塘鳢,Odontobutis Obscura,Dark Sleeper,15,温水,11,19,8,0.1,水草|沉木|深坑|湾子|泥底|浅滩|芦苇,,,全天活跃,0.72,0.72,0.82,0.82,0.78,0.82,0.84,0.78,底层,1,4,10,,,鱼饵,T尾|卷尾|软虫|米诺|勺子亮片|VIB,凶猛肉食性,
recvq6YNcItDBI,icon_placeholder_0001_2D,#N/A,泰鲮,Labeo Rohita,Rohu,26,温水,20,32,5,0.1,开放水域|深坑|湾子|泥底|碎石底|入水口|沙底,淡水|半咸水,benthopelagic,早晨活跃,0.3,0.72,1,0.78,0.5,0.55,0.48,0.35,表层|中下层|底层,10,7,10,,5,种子|面团|谷物,,植食性,grazing on aquatic plants
recvq6YNcIxBzV,icon_placeholder_0001_2D,#N/A,海鲈,Lateolabrax Maculatus,Japanese Seabass,22.4,温水,17.4,27.4,6,0.1,水草|石头|沉木|断层|湾子|浅滩,,,晨昏活跃,0.42,0.72,0.95,0.68,0.46,0.72,0.96,0.62,表层|中下层|底层,10,7,10,,5,昆虫|甲壳|鱼饵|饵鱼,T尾|卷尾|软虫|米诺|勺子亮片|VIB,凶猛肉食性,
recvq6YNcIhhiO,icon_placeholder_0001_2D,#N/A,淡水白鲳,Piaractus Brachypomus,Red-bellied Pacu,25.5,暖水,23,28,1.25,0.1,开放水域|水草|沉木|湾子|泥底|浅滩|入水口,淡水,pelagic,全天活跃,0.72,0.72,0.82,0.82,0.78,0.82,0.84,0.78,中上层|中层,7,10,4,,,种子|昆虫|鱼饵|面团|谷物|水果,,植食性,other
recvq6YNcIXBRa,icon_placeholder_0001_2D,#N/A,淡水石斑,Parachromis Managuensis,Jaguar Cichlid,30.5,暖水,25,36,2.75,0.1,水草|石头|沉木|断层|湾子|浅滩,淡水,benthopelagic,全天活跃,0.72,0.72,0.82,0.82,0.78,0.82,0.84,0.78,表层|中下层|底层,10,7,10,10,3,鱼饵|饵鱼,T尾|卷尾|软虫|米诺|VIB,凶猛肉食性,hunting macrofauna (predator)
recvq6YNcID5fB,icon_placeholder_0001_2D,#N/A,湄公鲶,Pangasianodon Gigas,Mekong Giant Catfish,26,暖水,20,32,5,0.1,开放水域|沉木|深坑|断层|泥底|入水口,淡水,benthopelagic,夜间活跃,1,0.88,0.42,0.3,0.24,0.38,0.72,0.96,中下层|底层,1,7,10,,,种子|昆虫|谷物,,植食性,other
recvq6YNcIOd57,icon_placeholder_0001_2D,#N/A,湘华鲮,Sinilabeo Decorus Tungting,Decoris Labeo,22,温水,17,27,6,0.1,开放水域|深坑|湾子|泥底|碎石底|入水口|沙底,,,早晨活跃,0.3,0.72,1,0.78,0.5,0.55,0.48,0.35,底层,1,4,10,,,昆虫|鱼饵,,腐食性,
recvq6YNcIvxdV,icon_placeholder_0001_2D,#N/A,笋壳鱼,Oxyeleotris Marmorata,Marble Goby,25,暖水,22,28,1.5,0.1,水草|沉木|深坑|湾子|泥底|浅滩|芦苇,淡水|半咸水,demersal,全天活跃,0.72,0.72,0.82,0.82,0.78,0.82,0.84,0.78,底层,1,4,10,,10,昆虫|甲壳|鱼饵|饵鱼,T尾|卷尾|软虫|米诺|VIB,凶猛肉食性,hunting macrofauna (predator)
recvq6YNcINNjg,icon_placeholder_0001_2D,#N/A,红罗非,Oreochromis Sp. (hybrid),Red Tilapia,27.5,暖水,20,35,3.75,0.1,开放水域,,,全天活跃,0.72,0.72,0.82,0.82,0.78,0.82,0.84,0.78,中层|中下层,4,10,7,,,种子|昆虫|甲壳|鱼饵|谷物,,杂食性,
recvq6YNcIoSVf,icon_placeholder_0001_2D,#N/A,细鳞鲑,Brachymystax Lenok,Sharp Snouted Lenok,15,冷水,11,19,8,0.1,开放水域|石头|深坑|断层|碎石底|旋涡|入水口|出水口,淡水,benthopelagic,晨昏活跃,0.42,0.72,0.95,0.68,0.46,0.72,0.96,0.62,中下层|底层,1,7,10,,,昆虫|甲壳|鱼卵|肉饵|饵鱼|内脏,软虫|米诺|勺子亮片|旋转亮片|VIB,凶猛肉食性,hunting macrofauna (predator)
recvq6YNcIjOcP,icon_placeholder_0001_2D,#N/A,罗非鱼,Oreochromis Niloticus,Nile Tilapia,23.25,广温,13.5,33,4.88,0.1,开放水域|深坑|湾子|泥底,淡水|半咸水,benthopelagic,全天活跃,0.72,0.72,0.82,0.82,0.78,0.82,0.84,0.78,中下层|底层,1,7,10,20,0,种子|昆虫|甲壳|鱼饵|谷物,,植食性,browsing on substrate
recvq6YNcIeBRp,icon_placeholder_0001_2D,#N/A,翘嘴红鲌,Culter Alburnus,Topmouth Culter,15,温水,11,19,8,0.1,开放水域|断层|湾子|入水口|出水口|暗岛,淡水,benthopelagic,早晨活跃,0.3,0.72,1,0.78,0.5,0.55,0.48,0.35,中下层|底层,1,7,10,,,甲壳,T尾|卷尾|软虫|米诺|勺子亮片|旋转亮片|VIB,凶猛肉食性,
recvq6YNcIimdw,icon_placeholder_0001_2D,#N/A,花骨鱼,Hemibarbus Maculatus,Spotted Steed,17,温水,10,24,3.5,0.1,石头|深坑|碎石底|浅滩|入水口|沙底,淡水,benthopelagic,全天活跃,0.72,0.72,0.82,0.82,0.78,0.82,0.84,0.78,中下层|底层,1,7,10,,,昆虫|甲壳|鱼饵,T尾|卷尾|软虫|米诺|VIB,温和肉食性,hunting macrofauna (predator)
recvq6YNcIsM5N,icon_placeholder_0001_2D,#N/A,荷包红鲤,Cyprinus Carpio Var. Wuyuanensis,Wuyuan Red Carp,19,温水,3,35,8,0.1,水草|沉木|湾子|泥底|浅滩|芦苇|入水口|沙底,,,早晨活跃,0.3,0.72,1,0.78,0.5,0.55,0.48,0.35,底层,1,4,10,29,0,种子|昆虫|甲壳|鱼饵|鱼卵|面团|谷物|饵鱼,,杂食性,
recvq6YNcICsUd,icon_placeholder_0001_2D,#N/A,蒙古红鲌,Chanodichthys Mongolicus,Mongolian Redfin,15,温水,10,20,2.5,0.1,开放水域|断层|湾子|入水口|出水口|暗岛,淡水,benthopelagic,早晨活跃,0.3,0.72,1,0.78,0.5,0.55,0.48,0.35,中下层|底层,1,7,10,,,甲壳,T尾|卷尾|软虫|米诺|勺子亮片|旋转亮片|VIB,凶猛肉食性,
recvq6YNcIHj3r,icon_placeholder_0001_2D,#N/A,蓝鲨,Pangasianodon Hypophthalmus,Iridescent Shark,24,暖水,22,26,1,0.1,开放水域|沉木|深坑|断层|泥底|入水口,淡水,benthopelagic,全天活跃,0.72,0.72,0.82,0.82,0.78,0.82,0.84,0.78,中下层|底层,1,7,10,,,种子|昆虫|甲壳|谷物|饵鱼,,杂食性,hunting macrofauna (predator)
recvq6YNcIt6Bv,icon_placeholder_0001_2D,#N/A,赤眼鳟,Squaliobarbus Curriculus,Barbel Chub,22,温水,17,27,6,0.1,石头|深坑|断层|碎石底|旋涡|入水口|出水口,淡水|半咸水,benthopelagic,早晨活跃,0.3,0.72,1,0.78,0.5,0.55,0.48,0.35,中下层|底层,1,7,10,,,昆虫|鱼饵,,杂食性,
recvq6YNcIlcYz,icon_placeholder_0001_2D,#N/A,野生鲫鱼,Carassius Auratus,Goldfish,20.5,温水,0,41,10.25,0.1,水草|湾子|泥底|浅滩|芦苇|入水口,,,早晨活跃,0.3,0.72,1,0.78,0.5,0.55,0.48,0.35,底层,1,4,10,20,0,种子|昆虫|甲壳|鱼饵|面团|谷物,,杂食性,
recvq6YNcIJS4j,icon_placeholder_0001_2D,#N/A,锦鲤,Cyprinus Rubrofuscus,Koi,19,广温,3,35,8,0.1,水草|沉木|湾子|泥底|浅滩|芦苇|入水口|沙底,淡水|半咸水,benthopelagic,早晨活跃,0.3,0.72,1,0.78,0.5,0.55,0.48,0.35,中下层|底层,1,7,10,29,0,种子|昆虫|甲壳|鱼饵|鱼卵|面团|谷物|饵鱼,,杂食性,hunting macrofauna (predator)
recvq6YNcIysR0,icon_placeholder_0001_2D,#N/A,镜鲤,Cyprinus Carpio Var. Specularis,Mirror Carp,19,广温,3,35,8,0.1,水草|沉木|湾子|泥底|浅滩|芦苇|入水口|沙底,淡水|半咸水,benthopelagic,早晨活跃,0.3,0.72,1,0.78,0.5,0.55,0.48,0.35,中下层|底层,1,7,10,29,0,种子|昆虫|甲壳|鱼饵|鱼卵|面团|谷物|饵鱼,,杂食性,hunting macrofauna (predator)
recvq6YNcIHOxR,icon_placeholder_0001_2D,#N/A,长吻𬶏,"Tachysurus dumerili (Bleeker, 1864)",Chinese Longsnout Catfish,15,温水,11,19,8,0.1,水草|沉木|深坑|湾子|泥底|碎石底|浅滩|芦苇|入水口,淡水|半咸水,demersal,全天活跃,0.72,0.72,0.82,0.82,0.78,0.82,0.84,0.78,底层,1,4,10,,,鱼饵,T尾|卷尾|软虫|VIB|嘈杂饵,凶猛肉食性,
recvq6YNcIo8KL,icon_placeholder_0001_2D,#N/A,青梢红鲌,Culter Recurviceps,Humpback,22,温水,17,27,6,0.1,开放水域|断层|湾子|入水口|出水口|暗岛,淡水,benthopelagic,早晨活跃,0.3,0.72,1,0.78,0.5,0.55,0.48,0.35,中下层|底层,1,7,10,,,昆虫|鱼饵,T尾|卷尾|软虫|米诺|勺子亮片|旋转亮片|VIB,凶猛肉食性,
recvq6YNcILcBb,icon_placeholder_0001_2D,#N/A,青鱼,Mylopharyngodon Piceus,Black Carp,20,温水,0,40,10,0.1,水草|深坑|断层|湾子|泥底|浅滩|芦苇|入水口,淡水|半咸水,demersal,早晨活跃,0.3,0.72,1,0.78,0.5,0.55,0.48,0.35,表层|底层,10,4,10,30,5,种子|昆虫|甲壳|鱼饵|面团|谷物,T尾|卷尾|软虫|米诺|VIB,温和肉食性,hunting macrofauna (predator)
recvq6YNcIcY73,icon_placeholder_0001_2D,#N/A,革胡子鲶,Clarias Gariepinus,African Sharptooth Catfish,21.5,广温,8,35,6.75,0.1,开放水域|水草|沉木|深坑|断层|湾子|浅滩|芦苇,淡水,benthopelagic,夜间活跃,1,0.88,0.42,0.3,0.24,0.38,0.72,0.96,中下层|底层,1,7,10,80,0,种子|昆虫|甲壳|鱼饵|鱼卵|谷物|肉饵|饵鱼|内脏,T尾|卷尾|软虫|米诺|VIB,杂食性,hunting macrofauna (predator)
recvq6YNcI6Yy6,icon_placeholder_0001_2D,#N/A,马口鱼,Opsariichthys Bidens,Chinese Hook Snout Carp,15,温水,10,20,2.5,0.1,水草|湾子|泥底|浅滩|芦苇|入水口,淡水,benthopelagic,早晨活跃,0.3,0.72,1,0.78,0.5,0.55,0.48,0.35,中下层|底层,1,7,10,,,昆虫|鱼饵,T尾|卷尾|软虫|米诺|勺子亮片|旋转亮片|VIB,温和肉食性,
recvq6YNcIEUhR,icon_placeholder_0001_2D,#N/A,高体鳑鲏,Rhodeus Ocellatus,Rosy Bitterling,21,温水,18,24,1.5,0.1,开放水域|水草|湾子|泥底|浅滩|芦苇,淡水|半咸水,benthopelagic,全天活跃,0.72,0.72,0.82,0.82,0.78,0.82,0.84,0.78,中下层|底层,1,7,10,,,鱼饵,,杂食性,
recvq6YNcIYRCN,icon_placeholder_0001_2D,#N/A,鯮鱼,Luciobrama Macrocephalus,Long-jawed Baelama,22,温水,17,27,6,0.1,开放水域|断层|湾子|入水口|出水口|暗岛,淡水|半咸水,benthopelagic,早晨活跃,0.3,0.72,1,0.78,0.5,0.55,0.48,0.35,中下层|底层,1,7,10,,,昆虫|鱼饵,T尾|卷尾|软虫|米诺|勺子亮片|旋转亮片|VIB,凶猛肉食性,
recvq6YNcIlrhs,icon_placeholder_0001_2D,#N/A,鲢鱼,Hypophthalmichthys Molitrix,Silver Carp,18,广温,6,30,6,0.1,水草|湾子|泥底|浅滩|芦苇|入水口,淡水|半咸水,benthopelagic,早晨活跃,0.3,0.72,1,0.78,0.5,0.55,0.48,0.35,中下层|底层,1,7,10,20,0,种子|面团|谷物,,滤食性,grazing on aquatic plants
recvq6YNcIxfgB,icon_placeholder_0001_2D,#N/A,鲮,Cirrhinus Molitorella,Mud Carp,24,暖水,22,26,1,0.1,水草|湾子|泥底|浅滩|芦苇|入水口,淡水,benthopelagic,早晨活跃,0.3,0.72,1,0.78,0.5,0.55,0.48,0.35,表层|中下层|底层,10,7,10,20,5,种子|甲壳|鱼饵|面团|谷物,,腐食性,grazing on aquatic plants
recvq6YNcIqCRi,icon_placeholder_0001_2D,#N/A,鳙鱼,Hypophthalmichthys Nobilis,Bighead Carp,19.25,广温,0.5,38,9.38,0.1,水草|湾子|泥底|浅滩|芦苇|入水口,淡水|半咸水,benthopelagic,早晨活跃,0.3,0.72,1,0.78,0.5,0.55,0.48,0.35,中下层|底层,1,7,10,,0,种子|昆虫|面团|谷物,,滤食性,variable
recvq6YNcIbsH9,icon_placeholder_0001_2D,#N/A,鳜鱼,Siniperca Chuatsi,Mandarin Fish,13,广温,4,22,4.5,0.1,水草|石头|沉木|断层|湾子|碎石底|浅滩|入水口,淡水,benthopelagic,全天活跃,0.72,0.72,0.82,0.82,0.78,0.82,0.84,0.78,中下层|底层,1,7,10,,10,甲壳|饵鱼,T尾|卷尾|软虫|米诺|勺子亮片|VIB,凶猛肉食性,hunting macrofauna (predator)
recvq6YNcI9sV4,icon_placeholder_0001_2D,#N/A,鳡鱼,Elopichthys Bambusa,Yellowcheek,15,温水,10,20,2.5,0.1,开放水域|断层|湾子|入水口|出水口|暗岛,淡水,benthopelagic,早晨活跃,0.3,0.72,1,0.78,0.5,0.55,0.48,0.35,中下层|底层,1,7,10,,,昆虫|鱼饵,T尾|卷尾|软虫|米诺|勺子亮片|旋转亮片|VIB,凶猛肉食性,
recvq6YNcISGxd,icon_placeholder_0001_2D,#N/A,麦穗鱼,Pseudorasbora Parva,Stone Moroko,13.5,冷水,5,22,4.25,0.1,开放水域|水草|湾子|泥底|浅滩|芦苇,淡水|半咸水,benthopelagic,全天活跃,0.72,0.72,0.82,0.82,0.78,0.82,0.84,0.78,中下层|底层,1,7,10,,,种子|昆虫|甲壳|鱼饵|鱼卵|谷物|饵鱼,T尾|卷尾|软虫|米诺|VIB,杂食性,variable
recvq6YNcIvhh6,icon_placeholder_0001_2D,#N/A,黄尾鲴,Xenocypris Davidi,Xenocypris Davidi,22,温水,17,27,6,0.1,开放水域|石头|湾子|碎石底|浅滩|入水口,淡水|半咸水,benthopelagic,早晨活跃,0.3,0.72,1,0.78,0.5,0.55,0.48,0.35,中下层|底层,1,7,10,,,昆虫|鱼饵,,腐食性,
recvq6YNcIwOXg,icon_placeholder_0001_2D,#N/A,黄金鲫,Carassius Auratus (hybrid),Golden Crucian,20.5,温水,0,41,10.25,0.1,水草|湾子|泥底|浅滩|芦苇|入水口,,,早晨活跃,0.3,0.72,1,0.78,0.5,0.55,0.48,0.35,底层,1,4,10,20,0,种子|昆虫|甲壳|鱼饵|面团|谷物,,杂食性,
recvq6YNcI0jOn,icon_placeholder_0001_2D,#N/A,黄颡鱼,Tachysurus Fulvidraco,Yellow Catfish,20.5,温水,16,25,2.25,0.1,水草|沉木|深坑|湾子|泥底|浅滩|芦苇,淡水,demersal,全天活跃,0.72,0.72,0.82,0.82,0.78,0.82,0.84,0.78,底层,1,4,10,,,昆虫|鱼饵|饵鱼,T尾|卷尾|软虫|VIB|嘈杂饵,温和肉食性,hunting macrofauna (predator)
