中文名,英文名,标准学名,源记录ID,资料水温下限(°C),资料水温上限(°C),最喜欢的温度(°C),候选水温带,时段偏好,栖息带类型,深度下限(m),深度上限(m),食性（源表候选）,摄食类型,环境类型,AI审核状态,资料复核状态,复核食性类别,复核摄食机制,复核主要食物,复核栖息与空间行为,复核生命周期与繁殖行为,复核事实摘要
鳡鱼,Yellowcheek,Elopichthys Bambusa,recvq6YNcI9sV4,10,20,15,温水,早晨活跃,benthopelagic,,,,,淡水,待人工审核,,,,,,,
马口鱼,Chinese Hook Snout Carp,Opsariichthys Bidens,recvq6YNcI6Yy6,10,20,15,温水,早晨活跃,benthopelagic,,,,,淡水,待人工审核,,,,,,,
黄金鲫,Golden Crucian,Carassius Auratus (hybrid),recvq6YNcIwOXg,0,41,20.5,温水,早晨活跃,,0,20,,,,待人工审核,,,,,,,
鯮鱼,Long-jawed Baelama,Luciobrama Macrocephalus,recvq6YNcIYRCN,17,27,22,温水,早晨活跃,benthopelagic,,,,,淡水|半咸水,待人工审核,,,,,,,
黄颡鱼,Yellow Catfish,Tachysurus Fulvidraco,recvq6YNcI0jOn,16,25,20.5,温水,全天活跃,demersal,,,肉食性,hunting macrofauna (predator),淡水,待人工审核,,,,,,,
麦穗鱼,Stone Moroko,Pseudorasbora Parva,recvq6YNcISGxd,5,22,13.5,冷水,全天活跃,benthopelagic,,,杂食性,variable,淡水|半咸水,待人工审核,,,,,,,
鲢鱼,Silver Carp,Hypophthalmichthys Molitrix,recvq6YNcIlrhs,6,30,18,广温,早晨活跃,benthopelagic,0,20,植食性,grazing on aquatic plants,淡水|半咸水,待人工审核,已修正,杂食性,Filter,,,,Silver Carp 为滤食鱼；主要摄食浮游植物，也摄食浮游动物、细菌和碎屑。源快照的“grazing on aquatic plants / 植食性”保留作 provenance，不作为复核后的优先事实。
黄尾鲴,Xenocypris Davidi,Xenocypris Davidi,recvq6YNcIvhh6,17,27,22,温水,早晨活跃,benthopelagic,,,,,淡水|半咸水,待人工审核,,,,,,,
鲮,Mud Carp,Cirrhinus Molitorella,recvq6YNcIxfgB,22,26,24,暖水,早晨活跃,benthopelagic,5,20,植食性,grazing on aquatic plants,淡水,待人工审核,,,,,,,
鳙鱼,Bighead Carp,Hypophthalmichthys Nobilis,recvq6YNcIqCRi,0.5,38,19.25,广温,早晨活跃,benthopelagic,0,,杂食性,variable,淡水|半咸水,待人工审核,已复核-无问题,杂食性,Filter,,,,Bighead Carp 是典型 filter-feeder；更擅长过滤较大的 zooplankton 和 phytoplankton，食物资源不足时也可利用更小颗粒。
高体鳑鲏,Rosy Bitterling,Rhodeus Ocellatus,recvq6YNcIEUhR,18,24,21,温水,全天活跃,benthopelagic,,,,,淡水|半咸水,待人工审核,,,,,,,
鳜鱼,Mandarin Fish,Siniperca Chuatsi,recvq6YNcIbsH9,4,22,13,广温,全天活跃,benthopelagic,10,,肉食性,hunting macrofauna (predator),淡水,待人工审核,,,,,,,
翘嘴红鲌,Topmouth Culter,Culter Alburnus,recvq6YNcIeBRp,11,19,15,温水,早晨活跃,benthopelagic,,,肉食性,,淡水,待人工审核,,,,,,,
青鱼,Black Carp,Mylopharyngodon Piceus,recvq6YNcILcBb,0,40,20,温水,早晨活跃,demersal,5,30,肉食性,hunting macrofauna (predator),淡水|半咸水,待人工审核,,,,,,,
青梢红鲌,Humpback,Culter Recurviceps,recvq6YNcIo8KL,17,27,22,温水,早晨活跃,benthopelagic,,,,,淡水,待人工审核,,,,,,,
锦鲤,Koi,Cyprinus Rubrofuscus,recvq6YNcIJS4j,3,35,19,广温,早晨活跃,benthopelagic,0,29,肉食性,hunting macrofauna (predator),淡水|半咸水,待人工审核,,,,,,,
罗非鱼,Nile Tilapia,Oreochromis Niloticus,recvq6YNcIjOcP,13.5,33,23.25,广温,全天活跃,benthopelagic,0,20,植食性,browsing on substrate,淡水|半咸水,待人工审核,需补资料,杂食性,Grazing|Filter|Mixed/Switching,尼罗罗非鱼以附着藻、植物、无脊椎及碎屑等为食；不能视为纯植食。,暖水浅水区；重要长距离迁徙证据本轮不足。,雄性建巢占区；雌性口孵期间少食，口孵运动与普通通气有差异。,尼罗罗非鱼可刮食及利用悬浮颗粒；雄鱼繁殖领地与雌鱼口孵是不同阶段/对象。FAO 记载口孵雌鱼少食或停食，释放早期的幼鱼遇警可回口；不能推广为全种停食。
野生鲫鱼,Goldfish,Carassius Auratus,recvq6YNcIlcYz,0,41,20.5,温水,早晨活跃,,0,20,,,,待人工审核,,,,,,,
荷包红鲤,Wuyuan Red Carp,Cyprinus Carpio Var. Wuyuanensis,recvq6YNcIsM5N,3,35,19,温水,早晨活跃,,0,29,,,,待人工审核,,,,,,,
赤眼鳟,Barbel Chub,Squaliobarbus Curriculus,recvq6YNcIt6Bv,17,27,22,温水,早晨活跃,benthopelagic,,,,,淡水|半咸水,待人工审核,,,,,,,
革胡子鲶,African Sharptooth Catfish,Clarias Gariepinus,recvq6YNcIcY73,8,35,21.5,广温,夜间活跃,benthopelagic,0,80,肉食性,hunting macrofauna (predator),淡水,待人工审核,,,,,,,
花骨鱼,Spotted Steed,Hemibarbus Maculatus,recvq6YNcIimdw,10,24,17,温水,全天活跃,benthopelagic,,,肉食性,hunting macrofauna (predator),淡水,待人工审核,,,,,,,
镜鲤,Mirror Carp,Cyprinus Carpio Var. Specularis,recvq6YNcIysR0,3,35,19,广温,早晨活跃,benthopelagic,0,29,肉食性,hunting macrofauna (predator),淡水|半咸水,待人工审核,,,,,,,
蒙古红鲌,Mongolian Redfin,Chanodichthys Mongolicus,recvq6YNcICsUd,10,20,15,温水,早晨活跃,benthopelagic,,,肉食性,,淡水,待人工审核,,,,,,,
蓝鲨,Iridescent Shark,Pangasianodon Hypophthalmus,recvq6YNcIHj3r,22,26,24,暖水,全天活跃,benthopelagic,,,肉食性,hunting macrofauna (predator),淡水,待人工审核,,,,,,,
长吻𬶏,Chinese Longsnout Catfish,"Tachysurus dumerili (Bleeker, 1864)",recvq6YNcIHOxR,11,19,15,温水,全天活跃,demersal,,,,,淡水|半咸水,待人工审核,,,,,,,
细鳞鲑,Sharp Snouted Lenok,Brachymystax Lenok,recvq6YNcIoSVf,11,19,15,冷水,晨昏活跃,benthopelagic,,,肉食性,hunting macrofauna (predator),淡水,待人工审核,,,,,,,
红罗非,Red Tilapia,Oreochromis Sp. (hybrid),recvq6YNcINNjg,20,35,27.5,暖水,全天活跃,,,,,,,待人工审核,,,,,,,
斑鳜,Spotted Mandarin Fish,Siniperca Scherzeri,recvq6YNcILFwW,11,19,15,温水,全天活跃,benthopelagic,,,肉食性,,淡水|半咸水,待人工审核,,,,,,,
淡水白鲳,Red-bellied Pacu,Piaractus Brachypomus,recvq6YNcIhhiO,23,28,25.5,暖水,全天活跃,pelagic,,,植食性,other,淡水,待人工审核,,,,,,,
沙塘鳢,Dark Sleeper,Odontobutis Obscura,recvq6YNcI8WeG,11,19,15,温水,全天活跃,,,,,,,待人工审核,,,,,,,
海鲈,Japanese Seabass,Lateolabrax Maculatus,recvq6YNcIxBzV,17.4,27.4,22.4,温水,晨昏活跃,,5,,,,,待人工审核,,,,,,,
湘华鲮,Decoris Labeo,Sinilabeo Decorus Tungting,recvq6YNcIOd57,17,27,22,温水,早晨活跃,,,,,,,待人工审核,,,,,,,
湄公鲶,Mekong Giant Catfish,Pangasianodon Gigas,recvq6YNcID5fB,20,32,26,暖水,夜间活跃,benthopelagic,,,植食性,other,淡水,待人工审核,,,,,,,
欧洲巨鲶,Wels Catfish,Silurus Glanis,recvq6YNcI44ye,4,20,12,冷水,夜间活跃,benthopelagic,0,30,肉食性,hunting macrofauna (predator),淡水|半咸水,待人工审核,,,,,,,
杂交鲟,Hybrid Sturgeon,Acipenser Schrenckii X Huso Dauricus,recvq6YNcIVZWx,10,20,15,温水,晨昏活跃,,,,,,,待人工审核,,,,,,,
柳根鱼,Amur Minnow,Rhynchocypris Lagowskii,recvq6YNcIMyMX,16,20,18,温水,早晨活跃,benthopelagic,,,,,淡水,待人工审核,,,,,,,
泰鲮,Rohu,Labeo Rohita,recvq6YNcItDBI,20,32,26,温水,早晨活跃,benthopelagic,5,,植食性,grazing on aquatic plants,淡水|半咸水,待人工审核,,,,,,,
淡水石斑,Jaguar Cichlid,Parachromis Managuensis,recvq6YNcIXBRa,25,36,30.5,暖水,全天活跃,benthopelagic,3,10,肉食性,hunting macrofauna (predator),淡水,待人工审核,,,,,,,
江黄颡,Darkbarbel Catfish,Tachysurus Vachellii,recvq6YNcIOZP9,17,27,22,温水,全天活跃,demersal,,,,,淡水,待人工审核,,,,,,,
笋壳鱼,Marble Goby,Oxyeleotris Marmorata,recvq6YNcIvxdV,22,28,25,暖水,全天活跃,demersal,10,,肉食性,hunting macrofauna (predator),淡水|半咸水,待人工审核,,,,,,,
暹罗巨鲤,Giant Barb,Catlocarpio Siamensis,recvq6YNcIWisp,20,32,26,温水,早晨活跃,benthopelagic,,,杂食性,variable,淡水,待人工审核,,,,,,,
大青鲨,Paroon Shark,Pangasius Sanitwongsei,recvq6YNcIeP9O,20,32,26,暖水,全天活跃,benthopelagic,,,肉食性,hunting macrofauna (predator),淡水,待人工审核,,,,,,,
宽鳍𫚭,Pale Chub,Zacco Platypus,recvq6YNcIkbkA,10,22,16,温水,早晨活跃,benthopelagic,,,杂食性,variable,淡水,待人工审核,,,,,,,
圆吻鲴,Distoechodon Tumirostris,Distoechodon Tumirostris,recvq6YNcIYYRG,17,27,22,温水,早晨活跃,benthopelagic,10,20,,,淡水,待人工审核,,,,,,,
圆腹雅罗鱼,Ide,Leuciscus Idus,recvq6YNcIciHF,4,20,12,冷水,早晨活跃,benthopelagic,15,,杂食性,variable,淡水|半咸水,待人工审核,,,,,,,
团头鲂,Wuchang Bream,Megalobrama Amblycephala,recvq6YNcIHywe,10,20,15,温水,早晨活跃,benthopelagic,5,20,,,淡水,待人工审核,,,,,,,
土鲶,Amur Catfish,Silurus Asotus,recvq6YNcIn0wK,5,25,15,广温,夜间活跃,demersal,,,肉食性,hunting macrofauna (predator),淡水,待人工审核,,,,,,,
工程鲫,Hybrid Crucian Carp,Carassius Auratus (triploid),recvq6YNcIw0FK,0,41,20.5,温水,早晨活跃,,0,20,,,,待人工审核,,,,,,,
广东鲂,Guangdong Bream,Megalobrama Terminalis,recvq6YNcI7lOw,10,24,17,温水,早晨活跃,benthopelagic,,,,,淡水,待人工审核,,,,,,,
大口鲶,Chinese Largemouth Catfish,Silurus Meridionalis,recvq6YNcIlC4j,17,27,22,温水,夜间活跃,demersal,,,,,淡水,待人工审核,,,,,,,
宝石鲈,Jade Perch,Scortum Barcoo,recvq6YNcIZ7Ch,10,30,20,广温,全天活跃,benthopelagic,,,,,淡水,待人工审核,,,,,,,
大鳞鲃,Bulatmai Barbel,Luciobarbus Capito,recvq6YNcIw1iu,11,19,15,温水,早晨活跃,benthopelagic,,,杂食性,,淡水|半咸水,待人工审核,,,,,,,
大鳍𫚪,Largefin Bitterling,Acheilognathus Macropterus,recvq6YNcIOtJO,15,25,20,温水,全天活跃,benthopelagic,,,,,淡水|半咸水,待人工审核,,,,,,,
唇䱻,Hemibarbus Labeo,Hemibarbus Labeo,recvq6YNcIoRCW,11,19,15,温水,全天活跃,benthopelagic,5,20,,,淡水,待人工审核,,,,,,,
巨型巴沙,Basa Fish,Pangasius Bocourti,recvq6YNcItRD3,20,32,26,暖水,全天活跃,benthopelagic,,,杂食性,,淡水,待人工审核,,,,,,,
巴西鲷,Streaked Prochilod,Prochilodus Lineatus,recvq6YNcIZjdG,17,27,22,温水,全天活跃,benthopelagic,5,,植食性,grazing on aquatic plants,淡水,待人工审核,,,,,,,
准白甲鱼,Onychostoma Simum,"Onychostoma simum (Sauvage & Dabry de Thiersant, 1874)",recvq6YNcIrLRm,17,27,22,温水,早晨活跃,,,,,,,待人工审核,,,,,,,
白条鱼,Sharpbelly,Hemiculter Leucisculus,recvq6YNcIs3Nd,18,22,20,温水,早晨活跃,benthopelagic,0,10,杂食性,variable,淡水|半咸水,待人工审核,,,,,,,
金眼鱼,Goldeye,Hiodon Alosoides,recvq6YNcI6UhU,11,19,15,温水,夜间活跃,pelagic,,,肉食性,,淡水,待人工审核,,,,,,,
俄罗斯鲟,Russian Sturgeon,Acipenser Gueldenstaedtii,recvq6YNcIwdwg,10,20,15,温水,晨昏活跃,demersal,2,100,肉食性,hunting macrofauna (predator),淡水|半咸水|海水,待人工审核,,,,,,,
印度鲮,Mrigal Carp,Cirrhinus Mrigala,recvq6YNcIULip,20,32,26,温水,早晨活跃,demersal,,,,,淡水,待人工审核,,,,,,,
哲罗鲑,Siberian Taimen,Hucho Taimen,recvq6YNcINYhI,11,19,15,温水,晨昏活跃,benthopelagic,,,肉食性,hunting macrofauna (predator),淡水|半咸水,待人工审核,,,,,,,
六须鲶,Soldatov's Catfish,Silurus Soldatovi,recvq6YNcI2GbT,5,25,15,广温,夜间活跃,demersal,,,肉食性,,淡水,待人工审核,,,,,,,
黑鼓鱼,Black Drum,Pogonias Cromis,recvq6YNcIGHfu,18.5,28.5,23.5,温水,晨昏活跃,demersal,10,,肉食性,hunting macrofauna (predator),半咸水|海水,待人工审核,已修正,肉食性,Benthic Foraging|Target/Particulate,主要为蟹、贝类、蠕虫等，食谱有年龄差异。,河口与近海底层，也在浅水；季节及繁殖时向不同水区移动。,Texas 资料记载冬末春季繁殖聚集，河湾与海口环境均相关。,黑鼓鱼利用触须与化学线索寻找底栖猎物，并用咽齿处理硬壳食物。TPWD 记载翻底坑和泥云可供钓手判断近期觅食位置；痕迹不保证鱼仍在原处。
中华倒刺鲃,Spinibarbus Sinensis,Spinibarbus Sinensis,recvq6YNcIpdRI,17,27,22,温水,早晨活跃,benthopelagic,,,杂食性,variable,淡水,待人工审核,,,,,,,
金鲫,Crucian Carp,Carassius Carassius,recvq6YNcI0jrY,2,22,12,广温,早晨活跃,demersal,5,20,肉食性,hunting macrofauna (predator),淡水|半咸水,待人工审核,,,,,,,
赤稍雅罗鱼,Asp,Leuciscus Aspius,recvq6YNcIViHN,4,20,12,冷水,早晨活跃,benthopelagic,10,,肉食性,hunting macrofauna (predator),淡水|半咸水,待人工审核,,,,,,,
黑线鳕,Haddock,Melanogrammus Aeglefinus,recvq6YNcItX2T,6.4,10.4,8.4,冷水,全天活跃,demersal,10,450,肉食性,hunting macrofauna (predator),海水,待人工审核,,,,,,,
光倒刺鲃,Spinibarbus Hollandi,Spinibarbus Hollandi,recvq6YNcIPWKl,17,27,22,温水,早晨活跃,benthopelagic,2,30,肉食性,,淡水,待人工审核,,,,,,,
鼠鲨,Porbeagle,Lamna Nasus,recvq6YNcIUKhd,-1,23,11,温水,全天活跃,pelagic-oceanic,0,1360,肉食性,hunting macrofauna (predator),海水,待人工审核,,,,,,,
银鲫,Prussian Carp,Carassius Gibelio,recvq6YNcI5zDu,10,20,15,温水,早晨活跃,benthopelagic,0,,植食性,grazing on aquatic plants,淡水|半咸水,待人工审核,,,,,,,
大西洋大比目鱼,Atlantic Halibut,Hippoglossus Hippoglossus,recvq6YNcIUhsG,2.4,4.4,3.4,温水,全天活跃,demersal,50,2000,肉食性,hunting macrofauna (predator),海水,待人工审核,,,,,,,
海七鳃鳗,Petromyzon Marinus,Petromyzon Marinus,recvq6YNcIURTm,0.6,20,10.3,广温,夜间活跃,demersal,1,4099,肉食性,hunting macrofauna (predator),淡水|半咸水|海水,待人工审核,已修正,杂食性|肉食性,Filter|Other,幼体摄取微小藻类、有机颗粒等；寄生阶段吸取宿主组织液/血液。,幼体埋于沉积物；寄生阶段进入湖/海宿主环境，成熟后进入河流繁殖；陆封种群须区别。,生命周期有长期摄食与形态转换，产卵后死亡。,幼体摄取微小藻类、有机颗粒等；寄生阶段吸取宿主组织液/血液。 幼体滤食；变态后口盘附着并寄生取食；繁殖阶段停止摄食。
大西洋鲱鱼,Atlantic Herring,Clupea Harengus,recvq6YNcIxqFV,1,18,9.5,冷水,全天活跃,benthopelagic,0,364,滤食性,selective plankton feeding,半咸水|海水,待人工审核,已修正,肉食性,Target/Particulate|Filter|Mixed/Switching,,,,Atlantic herring 为以浮游动物为主的摄食者；可进行选择性逐颗摄食，也可在合适的食物密度/颗粒尺寸下切换到滤食。不能仅以“滤食性”概括。
黑口红点鲑,Blackmouth Salmon,Salvelinus Confluentus,recvq6YNcIQCn3,11,19,15,冷水,晨昏活跃,benthopelagic,,,肉食性,,淡水|半咸水,待人工审核,,,,,,,
虎纹鳟鱼,Tiger Trout,Salmo Trutta × Salvelinus Fontinalis,recvq6YNcIxdGw,18,24,21,暖水,晨昏活跃,reef-associated,4,100,肉食性,hunting macrofauna (predator),海水,待人工审核,,,,,,,
绿青鳕,Pollachius Virens,Pollachius Virens,recvq6YNcIQa4t,5,9,7,温水,全天活跃,demersal,37,364,肉食性,hunting macrofauna (predator),海水,待人工审核,,,,,,,
鳞鲤(白化),Albino Scale Carp,Cyprinus Carpio Var. Albino,recvq6YNcIcoaF,3,35,19,温水,早晨活跃,,0,29,,,,待人工审核,,,,,,,
牛头鲦,Bullhead Minnow,Pimephales Vigilax,recvq6YNcIyeHV,17,27,22,温水,早晨活跃,demersal,,,肉食性,,淡水,待人工审核,,,,,,,
女巫鲽,Witch Flounder,Glyptocephalus Cynoglossus,recvq6YNcI0x5F,2,6,4,冷水,全天活跃,demersal,18,1570,肉食性,hunting macrofauna (predator),海水,待人工审核,,,,,,,
彩虹镖鲈,Rainbow Darter,Etheostoma Caeruleum,recvq6YNcIzusj,4,18,11,冷水,晨昏活跃,benthopelagic,,,肉食性,hunting macrofauna (predator),淡水,待人工审核,,,,,,,
欧鲢,Common Chub,Squalius Cephalus,recvq6YNcIsFRn,4,20,12,冷水,早晨活跃,benthopelagic,0,,杂食性,variable,淡水|半咸水,待人工审核,,,,,,,
大西洋鳕鱼,Atlantic Cod,Gadus Morhua,recvq6YNcI7jPP,0,15,7.5,冷水,全天活跃,benthopelagic,0,600,肉食性,hunting macrofauna (predator),半咸水|海水,待人工审核,已复核-无问题,肉食性,Target/Particulate|Benthic Foraging,鱼类及底栖无脊椎动物。,冷温带海洋底层；西北大西洋种群有季节水深/位置变化。,冬春繁殖，具体季节和迁移范围依种群，不能当全球固定月份。,普通食物包括鱼和无脊椎。圈养研究观察繁殖发声与求偶/竞争的联系；挪威遥测显示繁殖期性别相关水深差异。潜水对应排卵仍为解释，不能把声音或潜水直接当进食/产卵事件。
虎纹梭鱼,Tiger Muskellunge,E. Lucius × E. Masquinongy,recvq6YNcIAedj,10,24,17,温水,早晨活跃,,,,肉食性,,,待人工审核,,,,,,,
湖红点鲑,Lake Trout,Salvelinus Namaycush,recvq6YNcI2VjG,4,13,8.5,冷水,晨昏活跃,benthopelagic,3,61,肉食性,hunting macrofauna (predator),淡水,待人工审核,,,,,,,
毛鳞鱼,Capelin,Mallotus Villosus,recvq6YNcI6qP9,1.7,3.7,2.7,冷水,全天活跃,pelagic-oceanic,0,725,滤食性,selective plankton feeding,淡水|半咸水|海水,待人工审核,需补资料,肉食性,,,,,Capelin 以 zooplankton 为主要食物，是重要 forage fish。当前证据支持动物性浮游摄食，但不足以把“吃浮游生物”直接等同为 Filter feeding。
加拿大梭鲈,Sauger,Sander Canadensis,recvppgBfWAAVu,19.1,31.1,25.1,温水,夜间活跃,demersal,5,,肉食性,hunting macrofauna (predator),淡水,待人工审核,,,,,,,
淡水石首鱼,Freshwater Drum,Aplodinotus Grunniens,recvppgBfWJcAj,21.4,33.4,27.4,,晨昏活跃,demersal,30,27,肉食性,hunting macrofauna (predator),淡水,待人工审核,,,,,,,
斑点叉尾鮰,Channel Catfish,Ictalurus Punctatus,recvppgBfWmWs0,10,31.6,20.8,广温,夜间活跃,demersal,,15,杂食性,variable,淡水,待人工审核,已复核-无问题,杂食性,Benthic Foraging|Target/Particulate,鱼、甲壳类、昆虫、软体动物及植物等杂食。,日间深水掩体，夜间可到浅水；Wisconsin–Mississippi 研究发现季节迁移。,雄鱼守护洞巢及初期幼鱼；不能从全种标签推出所有个体都是守巢者。,鱼、甲壳类、昆虫、软体动物及植物等杂食。 利用嗅味觉等在底部搜寻，也接受离散饵物。
黄鲈,Yellow Perch,Perca Flavescens,recvppgBfW5pTn,0,29.7,14.85,温水,晨昏活跃,benthopelagic,0,56,肉食性,hunting macrofauna (predator),淡水|半咸水,待人工审核,已复核-无问题,肉食性,Target/Particulate,幼鱼浮游动物、较大鱼底栖无脊椎和鱼，随阶段变化。,湖泊、缓流水域及回水区；Chesapeake 支流有区域性繁殖迁移。,春季卵以胶质带附着/悬于植被等结构，不能套用护巢雄鱼故事。,幼鱼浮游动物、较大鱼底栖无脊椎和鱼，随阶段变化。 摄取并整吞猎物；不能由幼鱼食谱推成滤食。
蓝鳃太阳鱼,Bluegill Sunfish,Lepomis Macrochirus,recvppgBfWdXkn,1,36,18.5,广温,晨昏活跃,benthopelagic,,,肉食性,hunting macrofauna (predator),淡水,待人工审核,已复核-无问题,肉食性,Target/Particulate,昆虫、小型甲壳类及其他小动物；年龄影响食谱。,池湖与缓流水体，各水层取食；季节/日内利用浅水、阴影或较深区域。,部分雄鱼建立并照护巢区；存在替代繁殖策略，不能把全部繁殖雄鱼都归为守巢。,蓝鳃太阳鱼护巢雄鱼可能因摄食或防御接近小饵，不能只凭钩获识别动机。MDC 钓法记载较大浮漂阻力可导致吐饵，建议小饵与缓慢、低阻呈现；缺统一数值阈值。
白金火箭,White Alligator Gar,Atractosteus Spatula,recvppgBfWN4vR,17,27,22,温水,晨昏活跃,demersal,0,,肉食性,hunting macrofauna (predator),淡水|半咸水,待人工审核,,,,,,,
美鱥,Common Shiner,Notemigonus Crysoleucas,recvppgBfWcwV0,0,34.7,17.35,温水,早晨活跃,demersal,10,,杂食性,variable,淡水|半咸水,待人工审核,需人工确认,,,身份未定，暂不归属。,身份未定，暂不归属。,身份未定，暂不归属。,英文 Common Shiner 对应 Luxilus cornutus；源学名 Notemigonus crysoleucas 对应 Golden Shiner，两者不是同种。
鸭嘴鲟,American Paddlefish,Polyodon Spathula,recvppgBfWV4up,10,18,14,冷水,全天活跃,demersal,2,,滤食性,filtering plankton,淡水,待人工审核,已修正,肉食性,Filter|Target/Particulate|Mixed/Switching,以浮游动物为重要食物；早期阶段可摄取较大无脊椎猎物。,大河及相连开放水域、水柱活动；不能将底栖标签当唯一水层。,上溯与适宜水文有关，在砾石等产卵地繁殖。,存在滤食与颗粒摄食资料；幼鱼实验支持电感受定位猎物，以及重复人工电刺激后的习惯化/食物强化后恢复。实验不证明成年鱼或电饵垂钓效果。常见锚挂捕获不要求主动吃饵。
迷人真小鲤,Blacktail Shiner,Cyprinella Venusta,recvppgBfWTESZ,17,27,22,温水,早晨活跃,benthopelagic,,,肉食性,,淡水,待人工审核,,,,,,,
美洲锐唇鲷,Chiselmouth,Gila Alutacea,recvppgBfW1di5,11,19,15,温水,早晨活跃,demersal,,,植食性,grazing on aquatic plants,淡水,待人工审核,,,,,,,
驼背太阳鱼,Pumpkinseed Sunfish,Lepomis Gibbosus,recvppgBfWFZLN,4,30,17,广温,晨昏活跃,benthopelagic,0,41,肉食性,hunting macrofauna (predator),淡水|半咸水,待人工审核,,,,,,,
美洲红点鲑,Brook Trout,Salvelinus Fontinalis,recvppgBfWkdNd,0,25.3,12.65,温水,晨昏活跃,benthopelagic,15,27,肉食性,hunting macrofauna (predator),淡水|半咸水|海水,待人工审核,,,,,,,
金鳟,Golden Trout,Oncorhynchus Aguabonita,recvppgBfWgrqK,11,19,15,温水,晨昏活跃,demersal,,,肉食性,hunting macrofauna (predator),淡水,待人工审核,,,,,,,
弓鳍鱼,Bowfin,Amia Calva,recvppgBfWjob4,15,20,17.5,温水,晨昏活跃,demersal,0,,肉食性,hunting macrofauna (predator),淡水,待人工审核,,,,,,,
斑点黑鲈,Spotted Bass,Micropterus Punctulatus,recvppgBfWgbC9,17,27,22,温水,晨昏活跃,demersal,,,肉食性,hunting macrofauna (predator),淡水,待人工审核,,,,,,,
大口黑鲈,Largemouth Bass,Micropterus Salmoides,recvppgBfW8ABR,10,31.7,20.85,广温,晨昏活跃,benthopelagic,0,6,肉食性,hunting macrofauna (predator),淡水,待人工审核,需人工确认,,,身份未定，暂不归属。,身份未定，暂不归属。,身份未定，暂不归属。,旧 USFWS 使用 Largemouth Bass = Micropterus salmoides；2022 分类研究改为 Largemouth = M. nigricans、Florida bass = M. salmoides。源记录缺少分类体系版本，不能自动改名。
西方七鳃鳗,Petromyzontidae,Western Brook Lamprey,recvppgBfWwgqx,0.6,18,10月12日,冷水,夜间活跃,demersal,10,,肉食性,hunting macrofauna (predator),淡水|半咸水|海水,待人工审核,,,,,,,
美洲条纹狼鲈,Striped Bass,Morone Saxatilis,recvppgBfWY1PD,8,25,16.5,温水,晨昏活跃,demersal,30,,肉食性,hunting macrofauna (predator),淡水|半咸水|海水,待人工审核,,,,,,,
眼鳢,Bullseye Snakehead,Channa Marulius,recvppgBfWfeHA,24,28,26,暖水,晨昏活跃,benthopelagic,,,肉食性,hunting macrofauna (predator),淡水,待人工审核,,,,,,,
北美狗鱼,Muskellunge,Esox Masquinongy,recvppgBfWTdCt,11,19,15,温水,晨昏活跃,demersal,,,肉食性,hunting macrofauna (predator),淡水,待人工审核,,,,,,,
白马切喉鳟,Cutthroat Trout,Oncorhynchus Clarkii,recvppgBfWDMIV,6.1,10.1,8.1,,晨昏活跃,demersal,0,200,肉食性,hunting macrofauna (predator),淡水|半咸水|海水,待人工审核,,,,,,,
鬼头刀,Mahimahi,Coryphaena Hippurus,recvppgBfWzovp,21,30,25.5,暖水,全天活跃,pelagic-neritic,0,85,肉食性,hunting macrofauna (predator),半咸水|海水,待人工审核,,,,,,,
佛罗里达雀鳝,Florida Gar,Lepisosteus Platyrhincus,recvppgBfWzbGS,17,27,22,温水,晨昏活跃,demersal,,,肉食性,hunting macrofauna (predator),淡水,待人工审核,,,,,,,
黑牛胭脂鱼,Black Buffalo,Ictiobus Niger,recvppgBfWvgxs,17,27,22,温水,早晨活跃,demersal,,,肉食性,hunting macrofauna (predator),淡水,待人工审核,,,,,,,
链纹狗鱼,Chain Pickerel,Esox Niger,recvppgBfWSOnn,10,20,15,温水,晨昏活跃,demersal,,6,肉食性,hunting macrofauna (predator),淡水,待人工审核,,,,,,,
白斑刺盖太阳鱼,White Crappie,Pomoxis Annularis,recvppgBfWM3bv,20.3,32.3,26.3,温水,晨昏活跃,demersal,,,肉食性,hunting macrofauna (predator),淡水,待人工审核,,,,,,,
露仙美鱥,Tennessee Shiner,Paranotropis Leuciodus,recvppgBfWSeoR,11,19,15,,早晨活跃,demersal,,,,,,待人工审核,,,,,,,
玻璃梭鲈,Walleye,Sander Vitreus,recvppgBfWht7g,1.1,29,15.05,广温,夜间活跃,benthopelagic,0,27,肉食性,hunting macrofauna (predator),淡水|半咸水,待人工审核,已复核-无问题,肉食性,Target/Particulate,成鱼主要食鱼，幼鱼阶段食物不同。,湖河中晨昏可到浅滩，明亮时利用阴影/深水；季节迁往繁殖及取食区域。,岩砾浅滩/河段产卵，双亲均不照护卵。,成鱼主要食鱼，幼鱼阶段食物不同。 低光下选择并捕获猎物，非连续滤食。
绿太阳鱼,Green Sunfish,Lepomis Cyanellus,recvppgBfWNdVB,18,31.7,24.85,暖水,晨昏活跃,benthopelagic,,,肉食性,,淡水,待人工审核,,,,,,,
白亚口鱼,Yaqui Sucker,Catostomus Commersonii,recvppgBfW0tKq,0,29.3,14.65,温水,早晨活跃,demersal,,,肉食性,hunting macrofauna (predator),淡水|半咸水,待人工审核,需人工确认,,,身份未定，暂不归属。,身份未定，暂不归属。,身份未定，暂不归属。,源学名 Catostomus commersonii 对应 White Sucker；英文 Yaqui Sucker 对应 Catostomus bernardini，存在串种。
小口黑鲈,Smallmouth Bass,Micropterus Dolomieu,recvppgBfWD5uv,8.5,29.5,19,广温,晨昏活跃,benthopelagic,1,7,肉食性,hunting macrofauna (predator),淡水,待人工审核,需补资料,肉食性,Target/Particulate,鱼、螯虾及大型水生昆虫。,清凉水域，岩石/砾石附近；季节移动，不将单一地形视为全部种群栖地。,雄鱼照护繁殖巢与幼鱼；钓放、窝内损失研究显示照护及弃巢变化。,鱼、螯虾及大型水生昆虫。 捕捉离散猎物；也会取食被其他动物扰出的猎物。
丁鱥,Tench,Tinca Tinca,recvppgBfWvTo4,4,24,14,广温,晨昏活跃,demersal,1,,肉食性,hunting macrofauna (predator),淡水|半咸水,待人工审核,,,,,,,
旗鱼,Sailfish,Istiophorus Platypterus,recvppgBfWZQYE,19.6,31.6,25.6,暖水,全天活跃,pelagic-oceanic,0,200,肉食性,hunting macrofauna (predator),海水,待人工审核,,,,,,,
斑点雀鳝,Spotted Gar,Lepisosteus Oculatus,recvppgBfWM50F,12,20,16,温水,晨昏活跃,demersal,0,,肉食性,hunting macrofauna (predator),淡水|半咸水,待人工审核,,,,,,,
黑斑刺盖太阳鱼,Black Crappie,Pomoxis Nigromaculatus,recvppgBfWzQJ3,14,30.6,22.3,温水,晨昏活跃,benthopelagic,0,,肉食性,hunting macrofauna (predator),淡水,待人工审核,需补资料,肉食性,Target/Particulate,鱼、昆虫与小型甲壳类，食谱随体型/水域变化。,清水、沉木或水生植被附近；一般 crappie 钓法资料支持季节深浅变化。,春季在合适浅区繁殖；本种雄鱼筑巢并护卵至孵化。对钩饵的防御动机仍缺直接区分证据。,幼鱼多取食浮游动物，较大个体增加鱼食；雄鱼筑巢并护卵至孵化（Illinois DNR、USFWS）。护卵事实不证明每次近巢咬饵都是防御。
长背亚口鱼,Blue Sucker,Cycleptus Elongatus,recvppgBfWEP7C,17,27,22,温水,早晨活跃,benthopelagic,,,,,淡水,待人工审核,,,,,,,
臼齿鱼,Hardhead,Mylopharodon Conocephalus,recvppgBfWrOAr,17,27,22,温水,早晨活跃,demersal,,,,,淡水,待人工审核,,,,,,,
小须美鱥,River Chub,Nocomis Micropogon,recvppgBfWLacW,11,19,15,温水,早晨活跃,demersal,,,肉食性,,淡水,待人工审核,,,,,,,
小冠太阳鱼,Redear Sunfish,Lepomis Microlophus,recvppgBfW39bm,17,27,22,温水,晨昏活跃,demersal,,,,,淡水,待人工审核,,,,,,,
灰西鲱,Alewife,Alosa Pseudoharengus,recvppgBfWJr70,2.3,4.3,3.3,温水,全天活跃,pelagic-neritic,5,145,肉食性,hunting macrofauna (predator),淡水|半咸水|海水,待人工审核,,,,,,,
水牛鱼,Buffalo,Ictiobus Bubalus,recvppgBfWCS5y,21.1,33.1,27.1,温水,早晨活跃,demersal,4,,肉食性,hunting macrofauna (predator),淡水,待人工审核,,,,,,,
乌鳢,Northern Snakehead,Channa Argus,recvppgBfWASPy,4,22,13,广温,晨昏活跃,benthopelagic,,,肉食性,hunting macrofauna (predator),淡水,待人工审核,,,,,,,
双点美鱥,Hornyhead Chub,Nocomis Biguttatus,recvppgBfW5dNA,11,19,15,温水,早晨活跃,demersal,,,肉食性,hunting macrofauna (predator),淡水,待人工审核,,,,,,,
红斑太阳鱼,Redspotted Sunfish,Lepomis Miniatus,recvppgBfW7WZ6,11,19,15,温水,晨昏活跃,demersal,,,,,淡水,待人工审核,,,,,,,
牛港鲹,Giant Trevally,Caranx Ignobilis,recvppgBfWdmWP,26,29,27.5,暖水,全天活跃,reef-associated,10,188,肉食性,hunting macrofauna (predator),半咸水|海水,待人工审核,,,,,,,
美洲鳗鲡,American Eel,Anguilla Rostrata,recvppgBfWgMy7,4,25,14.5,广温,夜间活跃,demersal,0,464,肉食性,hunting macrofauna (predator),淡水|半咸水|海水,待人工审核,已复核-无问题,肉食性,Target/Particulate,甲壳类、昆虫、蠕虫及鱼等动物。,昼藏夜出；河流、河口等生长地到 Sargasso Sea 繁殖，部分生长史不只发生淡水。,降海繁殖，阶段与通达性重要；本轮不推断银化阶段具体停食阈值。,甲壳类、昆虫、蠕虫及鱼等动物。 夜间寻取动物性食物，不是滤食；生长阶段与繁殖迁移阶段需分开。
岩钝鲈,Rock Bass,Ambloplites Rupestris,recvppgBfWMCzd,10,29.3,19.65,广温,晨昏活跃,benthopelagic,0,21,肉食性,hunting macrofauna (predator),淡水,待人工审核,,,,,,,
黄旗金枪鱼,Yellowfin Tuna,Thunnus Albacares,recvppgBfWsGwp,15,31,23,温水,全天活跃,pelagic-oceanic,1,1602,肉食性,hunting macrofauna (predator),半咸水|海水,待人工审核,,,,,,,
虹鳟,Rainbow Trout,Oncorhynchus Mykiss,recvppgBfWfMZm,10,24,17,温水,晨昏活跃,benthopelagic,0,200,肉食性,hunting macrofauna (predator),淡水|半咸水|海水,待人工审核,已修正,肉食性,Target/Particulate,水生/陆生无脊椎、鱼及当地可得的鱼卵、残体等。,留居虹鳟与降海 steelhead 是同种不同生活史。,繁殖回到适宜砾床，可重复繁殖；生活史与地域影响迁移。,水生/陆生无脊椎、鱼及当地可得的鱼卵、残体等。 选择性获取离散食物；Alaska 钓法资料描述随自然水流呈现鱼卵或鱼肉模仿物。
美洲西鲱,American Shad,Alosa Sapidissima,recvppgBfWRm1c,3.6,7.6,5.6,温水,全天活跃,pelagic-neritic,0,250,肉食性,hunting macrofauna (predator),淡水|半咸水|海水,待人工审核,,,,,,,
七彩神仙鱼（橙）,Orange Discus,Symphysodon Aequifasciatus（Orange）,recvppgBfXN0xn,26,31,28.5,,早晨活跃,,,,,,,待人工审核,,,,,,,
金红马鱼,Golden Redhorse,Moxostoma Erythrurum,recvppgBfXa0F7,11,19,15,温水,早晨活跃,demersal,,,肉食性,,淡水,待人工审核,,,,,,,
条纹四鳍旗鱼,Striped Marlin,Kajikia Audax,recvppgBfWLxTg,20,25,22.5,温水,全天活跃,pelagic-oceanic,0,200,肉食性,hunting macrofauna (predator),海水,待人工审核,,,,,,,
星点东方鲀,Grass Puffer,Takifugu Niphobles,recvppgBfXpJTy,18.6,28.6,23.6,,全天活跃,demersal,,,肉食性,,海水,待人工审核,,,,,,,
小体鲟,Sterlet,Acipenser Ruthenus,recvq6YNcIR5Mz,11,19,15,温水,晨昏活跃,demersal,1,,杂食性,variable,淡水|半咸水,待人工审核,,,,,,,
黑鲷,Blackhead Seabream,Acanthopagrus Schlegelii,recvppgBfXxaUK,18.7,28.7,23.7,,全天活跃,demersal,15,,肉食性,hunting macrofauna (predator),半咸水|海水,待人工审核,,,,,,,
葛氏鲈塘鳢,Chinese Sleeper,Perccottus Glenii,recvq6YNcIyMiO,15,30,22.5,温水,全天活跃,demersal,,,肉食性,hunting macrofauna (predator),淡水|半咸水,待人工审核,,,,,,,
塞凡湖鳟,Sevan Trout,Salmo Ischchan,recvq6YNcI1Fel,11,19,15,冷水,晨昏活跃,demersal,,,肉食性,hunting macrofauna (predator),淡水,待人工审核,,,,,,,
白北鲑,Whitefish,Stenodus Leucichthys,recvq6YNcInhR0,6,10,8,温水,晨昏活跃,demersal,10,30,肉食性,hunting macrofauna (predator),淡水|半咸水|海水,待人工审核,,,,,,,
萨克拉门托大斑狗鱼,Sacramento Pikeminnow,Ptychocheilus Grandis,recvppgBfXlayy,11,19,15,温水,早晨活跃,demersal,,,,,淡水,待人工审核,,,,,,,
东方狐鲣,Striped Bonito,Sarda Orientalis,recvppgBfWEtv1,13.5,23,18.25,温水,全天活跃,pelagic-neritic,1,167,肉食性,hunting macrofauna (predator),海水,待人工审核,,,,,,,
棘背钝头鳐,Thorny Skate,Amblyraja Radiata,recvq6YNcIN5vB,-1.3,14,6.35,冷水,夜间活跃,demersal,5,1540,肉食性,hunting macrofauna (predator),半咸水|海水,待人工审核,,,,,,,
日本鲭,Chub Mackerel,Scomber Japonicus,recvppgBfX8j0e,10,27,18.5,温水,全天活跃,pelagic-neritic,0,300,肉食性,hunting macrofauna (predator),海水,待人工审核,,,,,,,
欧白鲑,Vendace,Coregonus Albula,recvq6YNcIh2bC,1.6,3.6,2.6,温水,晨昏活跃,benthopelagic,30,,滤食性,selective plankton feeding,淡水|半咸水|海水,待人工审核,需补资料,肉食性,Target/Particulate|Benthic Foraging,,,,Vendace 是食谱灵活的动物性摄食者；不同季节会在浮游动物与底栖无脊椎动物间显著切换，并可摄食鱼胚。当前没有足够证据把它作为 Filter-feeding 代表。
驼背白鲑,Humpback Whitefish,Coregonus Pidschian,recvq6YNcI6pwQ,1,3,2,冷水,晨昏活跃,demersal,,,肉食性,hunting macrofauna (predator),淡水|半咸水|海水,待人工审核,,,,,,,
短扁口鲶,Piraiba,Brachyplatystoma filamentosum,recvppgBfWSY6R,22,28,25,,早晨活跃,,,,,,,待人工审核,,,,,,,
金目丽鱼,Speckled Peacock Bass,Cichla Temensis,recvppgBfXiRAK,27,29,28,暖水,全天活跃,benthopelagic,,,肉食性,hunting macrofauna (predator),淡水,待人工审核,,,,,,,
常见鮈鱼,Common Gudgeon,Gobio Gobio,recvq6YNcIW2TT,2,18,10,冷水,全天活跃,benthopelagic,,,肉食性,hunting macrofauna (predator),淡水|半咸水,待人工审核,,,,,,,
针牙脂鲤,Biara,Rhaphiodon Vulpinus,recvppgBfXIKua,20,32,26,,晨昏活跃,pelagic,,,肉食性,hunting macrofauna (predator),淡水,待人工审核,,,,,,,
大西洋牙鲆,Summer Flounder,Paralichthys Dentatus,recvq6YNcIsSNZ,15.1,23.1,19.1,温水,全天活跃,demersal,10,183,肉食性,hunting macrofauna (predator),半咸水|海水,待人工审核,,,,,,,
大西洋狼鱼,Atlantic Wolffish,Anarhichas Lupus,recvq6YNcI3Rnh,5.8,9.8,7.8,温水,全天活跃,demersal,1,600,肉食性,hunting macrofauna (predator),海水,待人工审核,,,,,,,
沙鮻,Northern Whiting,Sillago Sihama,recvppgBfXRJZa,26,29,27.5,暖水,晨昏活跃,reef-associated,0,60,肉食性,hunting macrofauna (predator),半咸水|海水,待人工审核,,,,,,,
鞍带石斑鱼,Giant Grouper,Epinephelus Lanceolatus,recvppgBfWNVrL,22.1,34.1,28.1,暖水,晨昏活跃,reef-associated,1,200,肉食性,hunting macrofauna (predator),半咸水|海水,待人工审核,,,,,,,
鳞鲤(人面鲤),Human Face Scale Carp,Cyprinus Carpio Var. Human Face,recvq6YNcI6W57,3,35,19,温水,早晨活跃,,0,29,,,,待人工审核,,,,,,,
红尾鲶鱼,Redtail Catfish,Phractocephalus Hemioliopterus,recvppgBfW0T9j,20,26,23,温水,夜间活跃,demersal,,,肉食性,hunting macrofauna (predator),淡水,待人工审核,,,,,,,
裸狐鲣,Dogtooth Tuna,Gymnosarda Unicolor,recvppgBfWGhWa,20,28,24,暖水,全天活跃,reef-associated,0,250,肉食性,hunting macrofauna (predator),海水,待人工审核,,,,,,,
鲤鱼,Common Carp,Cyprinus Carpio,recvppgBfXYM2N,3,35,19,广温,早晨活跃,benthopelagic,0,29,肉食性,hunting macrofauna (predator),淡水|半咸水,待人工审核,已修正,杂食性,Benthic Foraging|Target/Particulate,,,,Common Carp 为杂食性底栖觅食鱼；常吸食软底质并筛取昆虫幼虫、甲壳类、软体动物、植物、碎屑和浮游生物。不能按宏观捕食者/纯肉食鱼处理。
剑旗鱼,Swordfish,Xiphias Gladius,recvppgBfXBHiP,5,27,16,广温,全天活跃,pelagic-oceanic,0,2878,肉食性,hunting macrofauna (predator),海水,待人工审核,,,,,,,
银斑鲫,Silver Mylossoma,Mylossoma duriventre,recvppgBfWI2gI,22,28,25,,早晨活跃,,,,,,,待人工审核,,,,,,,
虎纹鸭嘴鲇,Tiger Sorubim,Pseudoplatystoma Fasciatum,recvppgBfXMmcA,24,28,26,暖水,夜间活跃,demersal,5,,肉食性,hunting macrofauna (predator),淡水,待人工审核,,,,,,,
海鲈鱼,Asian Seabasses,Lateolabrax Japonicus,recvppgBfXsGjb,17.4,27.4,22.4,,晨昏活跃,reef-associated,5,,肉食性,hunting macrofauna (predator),淡水|半咸水|海水,待人工审核,,,,,,,
高白鲑,Peled,Coregonus Peled,recvq6YNcISGAE,1,3,2,温水,晨昏活跃,demersal,5,11,肉食性,hunting macrofauna (predator),淡水|半咸水|海水,待人工审核,,,,,,,
河红马鱼,River Redhorse,Moxostoma Carinatum,recvppgBfXP20G,11,19,15,温水,早晨活跃,demersal,,,肉食性,hunting macrofauna (predator),淡水,待人工审核,,,,,,,
日本竹荚鱼,Japanese Jack Mackerel,Trachurus Japonicus,recvppgBfWpZU3,10.8,16.8,13.8,,全天活跃,pelagic-neritic,0,275,滤食性,selective plankton feeding,海水,待人工审核,已修正,肉食性,Target/Particulate,,,,Japanese jack mackerel 摄食浮游甲壳类和小型游泳动物/鱼类，胃含物研究支持主动选择性捕食；planktivory 不等于 filter feeding。
四白锦鲤,Shiro Utsuri Koi,Cyprinus Carpio Var. Shiro Utsuri,recvq6YNcIG4C0,3,35,19,温水,早晨活跃,,0,29,,,,待人工审核,,,,,,,
南美肺鱼,South American Lungfish,Lepidosiren Paradoxa,recvppgBfWZ82p,24,28,26,暖水,夜间活跃,demersal,,,杂食性,variable,淡水,待人工审核,,,,,,,
枯叶鱼,Amazon Leaffish,Mentodus Facilis,recvppgBfXf19L,3.7,5.7,4.7,暖水,夜间活跃,bathypelagic,680,2000,,,海水,待人工审核,,,,,,,
黑带兔脂鲤,Black Banded Leporinus,Leporinus Nigrotaeniatus,recvppgBfXvrup,23,26,24.5,暖水,晨昏活跃,benthopelagic,,,,,淡水,待人工审核,,,,,,,
大西洋黄盖鲽,Yellowtail Flounder,Myzopsetta Ferruginea,recvq6YNcIVYyc,1.6,3.6,2.6,温水,全天活跃,demersal,27,364,肉食性,hunting macrofauna (predator),海水,待人工审核,,,,,,,
美洲拟鲽,Winter Flounder,Pseudopleuronectes Americanus,recvq6YNcIVVJ6,4.1,8.1,6.1,温水,全天活跃,demersal,5,143,肉食性,hunting macrofauna (predator),海水,待人工审核,,,,,,,
茅尖鱼,Pike cichlid,Crenicichla Lepidota,recvppgBfX7OU9,20,28,24,,全天活跃,,,,,,,待人工审核,,,,,,,
巨狼鱼,Giant Wolf Fish,Hoplias Aimara,recvppgBfWn7z0,20,32,26,,晨昏活跃,benthopelagic,,,肉食性,hunting macrofauna (predator),淡水,待人工审核,,,,,,,
常见拟鲤,Common Roach,Rutilus Rutilus,recvq6YNcIPlSr,10,20,15,温水,早晨活跃,benthopelagic,15,,肉食性,hunting macrofauna (predator),淡水|半咸水,待人工审核,,,,,,,
七彩神仙鱼（白）,White Discus,Symphysodon Aequifasciatus（White）,recvppgBfXT5MP,26,31,28.5,,早晨活跃,,,,,,,待人工审核,,,,,,,
地图鱼,Oscar,Astronotus Ocellatus,recvppgBfXwiS7,22,25,23.5,温水,全天活跃,benthopelagic,,,杂食性,variable,淡水,待人工审核,,,,,,,
镜鲤(白化),Albino Mirror Carp,Cyprinus Carpio Var. Specularis Albino,recvq6YNcI7b6Z,3,35,19,温水,早晨活跃,,0,29,,,,待人工审核,,,,,,,
草鱼,Grass Carp,Ctenopharyngodon Idella,recvppgBfXRQzH,0,35,17.5,,早晨活跃,benthopelagic,0,30,植食性,browsing on substrate,淡水|半咸水,待人工审核,已修正,植食性,Grazing|Target/Particulate,成鱼主要取食大型水生植物；幼鱼可有浮游动物食物，人工食物接受不等于野外主食。,河湖、水库中下层及有植物的区域；繁殖依流动水环境。,成鱼上溯繁殖；USGS Lake Erie 支流实例与高流量事件相关，不能外推固定全球月份。,草鱼随成长利用植物资源；MDC 池塘钓法使用局部预投食物及面包/玉米等钩饵。自然繁殖依赖流动水和水位条件；养殖资料的临产前少食只限亲鱼语境。
巴西马鲛,Serra Spanish Mackerel,Scomberomorus Brasiliensis,recvppgBfXSJIc,21.5,33.5,27.5,,全天活跃,reef-associated,,,肉食性,hunting macrofauna (predator),海水,待人工审核,,,,,,,
双线无须鳕,Silver Hake,Merluccius Bilinearis,recvq6YNcImaX7,3.9,5.9,4.9,温水,全天活跃,demersal,55,914,肉食性,hunting macrofauna (predator),海水,待人工审核,,,,,,,
真鲷,Red Seabream,Pagrus Major,recvppgBfX5bwk,16.8,26.8,21.8,,全天活跃,demersal,10,200,肉食性,hunting macrofauna (predator),海水,待人工审核,,,,,,,
大眼金枪鱼,Bigeye Tuna,Thunnus Obesus,recvppgBfWPNfp,13,29,21,温水,全天活跃,pelagic-oceanic,0,1500,肉食性,hunting macrofauna (predator),海水,待人工审核,,,,,,,
黄尾鰤,Yellowtail Amberjack,Seriola Lalandi,recvppgBfXnDVu,18,24,21,温水,全天活跃,benthopelagic,3,825,肉食性,hunting macrofauna (predator),半咸水|海水,待人工审核,,,,,,,
长吻鲍氏脂鲤,Bicuda,Boulengerella Cuvieri,recvppgBfX8bBO,20,32,26,,晨昏活跃,pelagic,,,肉食性,hunting macrofauna (predator),淡水,待人工审核,,,,,,,
红白锦鲤,Kohaku Koi,Cyprinus Carpio Var. Kohaku,recvq6YNcIg9E8,3,35,19,温水,早晨活跃,,0,29,,,,待人工审核,,,,,,,
湖拟鲤,Roach,Rutilus Rutilus,recvq6YNcIDhdP,10,20,15,温水,早晨活跃,benthopelagic,15,,肉食性,hunting macrofauna (predator),淡水|半咸水,待人工审核,,,,,,,
圆鳍鱼,Lumpfish,Cyclopterus Lumpus,recvq6YNcI9eWH,3,11,7,冷水,全天活跃,benthopelagic,0,868,肉食性,hunting macrofauna (predator),海水,待人工审核,,,,,,,
太平洋蓝鳍金枪鱼,Pacific Bluefin Tuna,Thunnus Orientalis,recvppgBfWNMNH,19.3,29.3,24.3,,全天活跃,pelagic-oceanic,1,550,肉食性,hunting macrofauna (predator),半咸水|海水,待人工审核,,,,,,,
红钩鱼,Redhook Myleus,Myloplus Rubripinnis,recvppgBfW3j5m,23,27,25,暖水,全天活跃,benthopelagic,,,植食性,other,淡水,待人工审核,,,,,,,
蓝笛鲷,Green Jobfish,Aprion Virescens,recvppgBfWzIq1,21.9,33.9,27.9,暖水,晨昏活跃,reef-associated,0,180,肉食性,hunting macrofauna (predator),海水,待人工审核,,,,,,,
红尾梭鱼,Red Tail Barracuda,Acestrorhynchus Falcatus,recvppgBfWxHaa,20,32,26,,晨昏活跃,benthopelagic,,,肉食性,,淡水,待人工审核,,,,,,,
闪光鲟,Stellate Sturgeon,Acipenser Stellatus,recvq6YNcIYa1y,10,20,15,温水,晨昏活跃,demersal,10,100,肉食性,hunting macrofauna (predator),淡水|半咸水|海水,待人工审核,,,,,,,
花鮨,Grouper,Anthias Anthias,recvq6YNcIFUlE,16,22,19,温水,全天活跃,reef-associated,30,358,肉食性,,海水,待人工审核,,,,,,,
花羔红点鲑,Dolly Varden Trout,Salvelinus Malma,recvppgBfWqiDJ,4,16,10,,全天活跃,,,,,,,待人工审核,,,,,,,
细纹鲶鱼,Pencil Catfish,Trichomycterus striatus,recvppgBfWexpp,22,28,25,,晨昏活跃,,,,,,,待人工审核,,,,,,,
高体鰤,Greater Amberjack,Seriola Dumerili,recvppgBfWJdYf,21.1,33.1,27.1,暖水,全天活跃,reef-associated,1,385,肉食性,hunting macrofauna (predator),海水,待人工审核,,,,,,,
白化草鱼,Albino Grass Carp,Ctenopharyngodon Idella Var. Albino,recvq6YNcIDFIR,0,35,17.5,温水,早晨活跃,,0,30,,,,待人工审核,,,,,,,
单鳍多线鱼,Atka Mackerel,Pleurogrammus Monopterygius,recvppgBfXdtR2,2.7,4.7,3.7,,全天活跃,demersal,0,720,肉食性,hunting macrofauna (predator),海水,待人工审核,,,,,,,
赤梢鱼,Redfin Perch,Perca Fluviatilis,recvq6YNcIRQxj,10,22,16,温水,晨昏活跃,demersal,1,30,肉食性,hunting macrofauna (predator),淡水|半咸水,待人工审核,,,,,,,
电鳗,Electric Eel,Electrophorus Electricus,recvppgBfWMdML,23,28,25.5,暖水,夜间活跃,benthopelagic,,,肉食性,hunting macrofauna (predator),淡水,待人工审核,,,,,,,
无鳞鲤,Leather Carp,Cyprinus Carpio Var. Nudus,recvq6YNcITwbq,3,35,19,广温,早晨活跃,benthopelagic,0,29,肉食性,hunting macrofauna (predator),淡水|半咸水,待人工审核,,,,,,,
圆点五色锦鲤,Goromo Koi,Cyprinus Carpio Var. Goromo,recvq6YNcIY1d7,3,35,19,温水,早晨活跃,,0,29,,,,待人工审核,,,,,,,
奥里诺科孔雀鲈,Orinoco Peacock Bass,Cichla Orinocensis,recvppgBfWhk4q,27,29,28,暖水,全天活跃,benthopelagic,,,肉食性,hunting macrofauna (predator),淡水,待人工审核,,,,,,,
长鳍金枪鱼,Albacore,Thunnus Alalunga,recvppgBfWLGuZ,9.5,25.2,17.35,温水,全天活跃,pelagic-oceanic,0,600,肉食性,hunting macrofauna (predator),海水,待人工审核,,,,,,,
莱氏拟乌贼,Bigfin Reef Squid,Sepioteuthis Lessoniana,recvppgBfWgFkW,18,28,23,,晨昏活跃,demersal,,100,肉食性,hunting macrofauna (predator),半咸水|海水,待人工审核,,,,,,,
白斑角鲨,Spiny Dogfish,Squalus Acanthias,recvq6YNcIPNI7,7,15,11,冷水,全天活跃,bathydemersal,0,1978,肉食性,hunting macrofauna (predator),半咸水|海水,待人工审核,,,,,,,
大西洋小鳕,Atlantic Tomcod,Microgadus Tomcod,recvq6YNcINPp9,4.4,8.4,6.4,冷水,全天活跃,demersal,0,69,肉食性,hunting macrofauna (predator),淡水|半咸水|海水,待人工审核,,,,,,,
康氏马鲛,Narrow Barred Spanish Mackerel,Scomberomorus Commerson,recvppgBfWX9xq,22,34,28,,全天活跃,pelagic-neritic,10,70,肉食性,hunting macrofauna (predator),海水,待人工审核,,,,,,,
大西洋黄貂鱼,Atlantic Stingray,Hypanus Sabinus,recvppgBfXlWfN,19.5,31.5,25.5,,夜间活跃,demersal,2,25,肉食性,hunting macrofauna (predator),淡水|半咸水|海水,待人工审核,,,,,,,
条石鲷,Rock Bream,Oplegnathus Fasciatus,recvppgBfXVjAB,17,27,22,,全天活跃,reef-associated,1,10,肉食性,hunting macrofauna (predator),海水,待人工审核,,,,,,,
橙黄金锦鲤,Ogon Koi,Cyprinus Carpio Var. Ogon,recvq6YNcIwE4Z,3,35,19,温水,早晨活跃,,0,29,,,,待人工审核,,,,,,,
红鲑鱼,Sockeye Salmon,Oncorhynchus Nerka,recvppgBfWESvH,0,24.9,12.45,,晨昏活跃,pelagic-oceanic,0,250,滤食性,selective plankton feeding,淡水|半咸水|海水,待人工审核,需补资料,肉食性,,浮游动物为重要食物，海洋阶段也可摄食其他动物。,湖泊育幼、海洋生长、回归繁殖；也存在陆封 kokanee。,回归挖巢产卵，产后死亡；太平洋鲑资料描述回归期停食。,浮游动物为重要食物，ADFG 明确描述鳃耙滤食；kokanee 研究提示严格滤食解释存在年龄限制，尚不能据此认定全种或全部阶段只采用同一摄食机制。
大西洋鲑鱼,Atlantic Salmon,Salmo Salar,recvppgBfWIkMz,2,9,5.5,冷水,晨昏活跃,benthopelagic,0,210,肉食性,hunting macrofauna (predator),淡水|半咸水|海水,待人工审核,已复核-无问题,肉食性,Target/Particulate,幼鱼以无脊椎为主，海洋生长期摄食鱼等动物。,海河迁移，回归砾床繁殖；须注明海迁型的范围。,不同于太平洋鲑的一概产后死亡叙述，可重复繁殖。,幼鱼以无脊椎为主，海洋生长期摄食鱼等动物。 生长期取食离散动物；繁殖迁移期不摄食的描述不能外推全龄。
巨骨舌鱼,Arapaima Gigas,Arapaima Gigas,recvppgBfW1Luy,25,29,27,暖水,晨昏活跃,demersal,,,肉食性,hunting macrofauna (predator),淡水,待人工审核,,,,,,,
月眼鱼,Mooneye,Hiodon Tergisus,recvppgBfWgb7F,11,19,15,温水,夜间活跃,pelagic,,,肉食性,hunting macrofauna (predator),淡水,待人工审核,,,,,,,
黑棘鲶,Ripsaw Catfish,Oxydoras niger,recvppgBfWU8bO,18,30,24,,晨昏活跃,,,,,,,待人工审核,,,,,,,
黑食人鱼,Black Piranha,Serrasalmus Rhombeus,recvppgBfWvmPa,23,27,25,暖水,全天活跃,benthopelagic,,,肉食性,hunting macrofauna (predator),淡水,待人工审核,,,,,,,
浅滩鲈鱼,Shoal Bass,Micropterus Cataractae,recvppgBfWzydo,17,27,22,温水,晨昏活跃,benthopelagic,,,,,淡水,待人工审核,,,,,,,
北极茴鱼,Arctic Grayling,Thymallus Arcticus,recvppgBfWXHhq,11,19,15,温水,晨昏活跃,benthopelagic,30,,肉食性,hunting macrofauna (predator),淡水,待人工审核,,,,,,,
大西洋大海鲢,Atlantic Tarpon,Megalops Atlanticus,recvppgBfWRGAb,10,40,25,广温,晨昏活跃,reef-associated,0,40,肉食性,hunting macrofauna (predator),淡水|半咸水|海水,待人工审核,,,,,,,
帝王鲑,Chinook Salmon,Oncorhynchus Tshawytscha,recvppgBfWATct,0,24.9,12.45,冷水,晨昏活跃,benthopelagic,0,375,肉食性,hunting macrofauna (predator),淡水|半咸水|海水,待人工审核,,,,,,,
红腹食人鱼,Red-bellied Piranha,Pygocentrus Nattereri,recvppgBfWOU62,23,27,25,暖水,全天活跃,pelagic,,,肉食性,hunting macrofauna (predator),淡水,待人工审核,,,,,,,
接吻鲷,Kissing Prochilodus,Helostoma Temminckii,recvppgBfWSg8p,22,28,25,暖水,全天活跃,benthopelagic,2,,杂食性,,淡水,待人工审核,,,,,,,
北极红点鲑,Arctic Char,Salvelinus Alpinus,recvppgBfWSvl3,4,16,10,冷水,晨昏活跃,benthopelagic,0,70,肉食性,hunting macrofauna (predator),淡水|半咸水|海水,待人工审核,,,,,,,
大理石倒立鱼,Marbled Headstander,Abramites Hypselonotus,recvppgBfW1t3o,23,27,25,暖水,晨昏活跃,pelagic,,,肉食性,hunting macrofauna (predator),淡水,待人工审核,,,,,,,
大马哈鱼,Chum Salmon,Oncorhynchus Keta,recvppgBfWQu7g,0,23.7,11.85,冷水,晨昏活跃,benthopelagic,0,250,肉食性,hunting macrofauna (predator),淡水|半咸水|海水,待人工审核,,,,,,,
梅花鲈,Ruffe,Gymnocephalus Cernua,recvppgBfWEHew,10,20,15,温水,晨昏活跃,benthopelagic,2,85,杂食性,variable,淡水|半咸水,待人工审核,,,,,,,
眼斑河魟,Ocellate River Stingray,Potamotrygon Motoro,recvppgBfWkV00,24,26,25,暖水,夜间活跃,benthopelagic,,,,,淡水,待人工审核,,,,,,,
粉鲑,Pink Salmon,Oncorhynchus Gorbuscha,recvppgBfWSJ8t,2.3,4.3,3.3,冷水,晨昏活跃,demersal,0,250,肉食性,hunting macrofauna (predator),淡水|半咸水|海水,待人工审核,,,,,,,
米达斯慈鲷,Midas Cichlid,Amphilophus Citrinellus,recvppgBfWmpBb,23,33,28,暖水,全天活跃,benthopelagic,,,肉食性,,淡水,待人工审核,,,,,,,
白鲶鱼,White Catfish,Ameiurus Catus,recvppgBfWE1If,17,27,22,温水,夜间活跃,demersal,,,肉食性,hunting macrofauna (predator),淡水|半咸水,待人工审核,,,,,,,
银龙鱼,Silver Arowana,Osteoglossum Bicirrhosum,recvppgBfWiZzA,24,30,27,暖水,晨昏活跃,benthopelagic,,,肉食性,hunting macrofauna (predator),淡水,待人工审核,,,,,,,
湖白鲑,Lake Whitefish,Coregonus Artedi,recvppgBfWoPCY,0,26,13,温水,晨昏活跃,pelagic-neritic,0,64,滤食性,selective plankton feeding,淡水|半咸水|海水,待人工审核,需人工确认,,,,,,IDENTITY CONFLICT：Lake Whitefish 应对应 Coregonus clupeaformis；Coregonus artedi 是 Cisco。当前整条生态数据暂不视为已闭合事实，FCF 分类应暂停。
阿帕奇鳟鱼,Apache Trout,Oncorhynchus Apache,recvppgBfWsVts,11,19,15,温水,晨昏活跃,demersal,,,,,淡水,待人工审核,,,,,,,
公牛鲨,Bull Shark,Carcharhinus Leucas,recvppgBfWecOd,21.5,33.5,27.5,暖水,夜间活跃,reef-associated,1,164,肉食性,hunting macrofauna (predator),淡水|半咸水|海水,待人工审核,,,,,,,
黑斑须雅罗鱼,Common Creek Chub,Semotilus Atromaculatus,recvppgBfWQk9D,0,30.3,15.15,温水,早晨活跃,demersal,,,肉食性,hunting macrofauna (predator),淡水,待人工审核,,,,,,,
阿拉斯加黑鱼,Alaska Blackfish,Dallia Pectoralis,recvppgBfWVP7p,4,14,9,冷水,晨昏活跃,demersal,,,杂食性,variable,淡水,待人工审核,,,,,,,
银鲑,Coho Salmon,Oncorhynchus Kisutch,recvppgBfWVYbc,0,24.8,12.4,,晨昏活跃,pelagic-neritic,0,250,肉食性,hunting macrofauna (predator),淡水|半咸水|海水,待人工审核,,,,,,,
江鳕,Burbot,Lota Lota,recvppgBfWUwLo,4,18,11,冷水,夜间活跃,demersal,1,700,肉食性,hunting macrofauna (predator),淡水|半咸水,待人工审核,,,,,,,
吉拉鳟鱼,Gila Trout,Oncorhynchus Gilae,recvppgBfWSSXi,11,19,15,温水,晨昏活跃,demersal,,,,,淡水,待人工审核,,,,,,,
巴亚拉鱼,Payara,Hydrolycus Scomberoides,recvppgBfWdgXq,24,28,26,暖水,晨昏活跃,benthopelagic,,,肉食性,hunting macrofauna (predator),淡水,待人工审核,,,,,,,
红鳍狗鱼,Redfin Pickerel,Esox Americanus,recvppgBfWmYyM,16,26,21,温水,晨昏活跃,demersal,,,肉食性,hunting macrofauna (predator),淡水|半咸水,待人工审核,,,,,,,
蓝鲶鱼,Blue Catfish,Ictalurus Furcatus,recvppgBfWuSdg,17,27,22,温水,夜间活跃,demersal,,50,肉食性,,淡水|半咸水,待人工审核,,,,,,,
白化高首鲟,White Sturgeon 02,Acipenser Transmontanus,recvppgBfWvsQS,0,23.3,11.65,,晨昏活跃,demersal,1,122,肉食性,hunting macrofauna (predator),淡水|半咸水|海水,待人工审核,,,,,,,
白化叉尾鮰,White Channel Catfish,Ictalurus Punctatus,recvppgBfWCJhn,10,31.6,20.8,广温,夜间活跃,demersal,,15,杂食性,variable,淡水,待人工审核,,,,,,,
尖吻鲟,Atlantic Sturgeon,Acipenser Oxyrinchus,recvppgBfWFxyU,4.3,24.4,14.35,温水,晨昏活跃,demersal,1,46,肉食性,hunting macrofauna (predator),淡水|半咸水|海水,待人工审核,,,,,,,
云斑鮰,Brown Bullhead,Ameiurus Nebulosus,recvppgBfWq7m4,0,37.4,18.7,温水,夜间活跃,demersal,10,12,肉食性,hunting macrofauna (predator),淡水,待人工审核,,,,,,,
鲻鱼,Flathead Grey Mullet,Mugil Cephalus,recvppgBfWQhq4,8,24,16,温水,早晨活跃,benthopelagic,0,120,杂食性,variable,淡水|半咸水|海水,待人工审核,已复核-无问题,杂食性,Grazing|Benthic Foraging,碎屑、微藻、附着生物等；幼期微型甲壳类，食物随阶段变化。,近海、河口及可进入的淡水，沙泥/植被区也相关。,成熟后出海繁殖，不能将河口栖地当全部生命周期。,碎屑、微藻、附着生物等；幼期微型甲壳类，食物随阶段变化。 吸取底泥表层、刮取附着物等；摄入沙粒参与研磨，不凭微型食物推断滤食。
白斑狗鱼,Northern Pike,Esox Lucius,recvppgBfW3JSO,10,28,19,广温,晨昏活跃,pelagic,0,30,肉食性,hunting macrofauna (predator),淡水|半咸水,待人工审核,已复核-无问题,肉食性,Target/Particulate,鱼等动物性猎物。,湖河的植被、缓流和掩体附近；产后可转深。,春季在植被区散卵；不以巢守护来解释繁殖行为。,鱼等动物性猎物。 从植被和掩体附近捕获离散猎物。
鳄雀鳝,Alligator Gar,Atractosteus Spatula,recvppgBfW0Zk4,17,27,22,温水,晨昏活跃,demersal,0,,肉食性,hunting macrofauna (predator),淡水|半咸水,待人工审核,已复核-无问题,肉食性,Target/Particulate,以鱼类为主，也有其他脊椎动物食物记录。,河流、水库、近岸海湾；洪水时侧向进入适宜繁殖地。,洪泛植被产卵与水文窗口密切相关，并非每年都成功繁殖。,以鱼类为食；TPWD 记载可先携饵移动再吞咽，骨质口部使挂钩困难。取饵、吞咽与挂钩是不同阶段；延迟处理存在深吞风险。繁殖依赖适宜淹水浅滩。
硬头鳟,Steelhead Trout,Oncorhynchus Mykiss,recvppgBfWaSu9,10,24,17,温水,晨昏活跃,benthopelagic,0,200,肉食性,hunting macrofauna (predator),淡水|半咸水|海水,待人工审核,,,,,,,
黑鮰,Black Bullhead Catfish,Ameiurus Melas,recvppgBfWh7Ja,8,30,19,广温,夜间活跃,demersal,10,,肉食性,hunting macrofauna (predator),淡水,待人工审核,,,,,,,
金体美鱥,Golden Shiner,Notemigonus Crysoleucas,recvppgBfWqD6E,0,34.7,17.35,温水,早晨活跃,demersal,10,,杂食性,variable,淡水|半咸水,待人工审核,,,,,,,
美国红鱼,Red Drum,Sciaenops Ocellatus,recvppgBfWqQzs,15,26,20.5,温水,晨昏活跃,demersal,10,,肉食性,hunting macrofauna (predator),半咸水|海水,待人工审核,已修正,肉食性,Benthic Foraging|Target/Particulate,虾、蟹及鱼等动物。,幼鱼利用海湾，成熟鱼更多利用海区；潮汐影响局地可达性。,Texas 海区秋季繁殖；成幼阶段空间分化。,虾、蟹及鱼等动物。 常近底捕食，也可在水柱取食；尾露水面反映近底觅食姿势。
褐鳟,Brown Trout,Salmo Trutta,recvppgBfWi1DY,18,24,21,温水,晨昏活跃,pelagic-neritic,0,28,肉食性,hunting macrofauna (predator),淡水|半咸水|海水,待人工审核,已修正,肉食性,Target/Particulate,无脊椎动物；较大个体也取食鱼类。,淡水河湖及降海 sea trout 生活史；不能将海洋中上层作为全种栖地。,爱尔兰资料记载秋冬砾床繁殖；留居和降海路径须分开。,无脊椎动物；较大个体也取食鱼类。 获取离散动物性食物，食谱变化不直接构成滤食/新模式。
铲鮰,Flathead Catfish,Pylodictis Olivaris,recvppgBfW4irh,21.5,33.5,27.5,温水,夜间活跃,demersal,,,肉食性,hunting macrofauna (predator),淡水,待人工审核,,,,,,,
高首鲟,White Sturgeon 01,Acipenser Transmontanus,recvppgBfW7BfW,0,23.3,11.65,,晨昏活跃,demersal,1,122,肉食性,hunting macrofauna (predator),淡水|半咸水|海水,待人工审核,,,,,,,
眼点丽鱼,Cichla Ocellaris,Cichla Ocellaris,recvppgBfWmvOm,24,27,25.5,暖水,全天活跃,benthopelagic,5,,肉食性,hunting macrofauna (predator),淡水|半咸水,待人工审核,,,,,,,
大西洋鲭,Atlantic Mackerel,Scomber Scombrus,recvppgBfWOPsA,7.2,13.2,10.2,,全天活跃,pelagic-neritic,0,1000,杂食性,variable,半咸水|海水,待人工审核,已修正,肉食性,Target/Particulate|Filter|Mixed/Switching,,,,Atlantic mackerel 主要摄食动物性猎物，包括桡足类、磷虾、虾、鱿鱼和小鱼；能够在 particulate feeding 与 filter feeding 之间切换。
大口牛胭脂鱼,Bigmouth Buffalo,Ictiobus Cyprinellus,recvppgBfWSpJ8,15.5,30,22.75,温水,早晨活跃,benthopelagic,4,,肉食性,,淡水,待人工审核,已修正,肉食性,Filter,以浮游动物为重要食物，研究有明确取样地域/季节。,大河缓水、湖泊/回水区，繁殖进入洪泛植物区。,春季洪泛地集群产卵，卵无照护。,以浮游动物为重要食物，研究有明确取样地域/季节。 Wabash River 研究将其作为滤食者；不是由食谱名称反推。
短吻鲟,Shortnose Sturgeon,Acipenser Brevirostrum,recvppgBfWp1dp,11.6,19.6,15.6,温水,晨昏活跃,demersal,6,53,肉食性,,淡水|半咸水|海水,待人工审核,,,,,,,
